year,tax_unit_id,household_weight,broad_income,taxable_income,mtr,mtr_prime
2023,2908001,9418.16015625,43861.0,37428.68,0.25230432,0.24296165199195463
2023,8434401,14127.240234375,52133.0,49546.84,0.3695,0.37167566960014653
2023,6349901,9418.16015625,42000.0,28150.0,0.1965,0.18338365510525567
2023,4907201,18836.3203125,146001.0,127030.69,0.3615,0.3367198943787576
2023,1306201,18836.3203125,88011.0,75755.086,0.32719994,0.3311268909649999
2023,1306201,18836.3203125,88011.0,75755.086,0.32719994,0.3311266164297525
2023,729401,4709.080078125,70000.0,42300.0,-0.16099998,-0.20775351473999515
2023,7839302,4709.080078125,43500.0,29258.0,0.20230004,0.18684774686590067
2023,4925401,14127.240234375,25642.0,3365.2578,0.30649996,0.3145918908659894
2023,6211001,4709.080078125,40359.0,26393.8,0.1965,0.18552707835907323
2023,392601,14127.240234375,30300.0,16450.0,0.24267492,0.2513982631952919
2023,8539601,4709.080078125,184760.0,133811.45,0.4025,0.40941652783209326
2023,7553904,4709.080078125,75775.0,48062.203,0.25599998,0.2514858446261887
2023,1649501,9418.16015625,75158.0,41407.438,0.22125,0.257622356612652
2023,1458101,9418.16015625,42000.0,28150.0,0.22399999,0.256752124214928
2023,1467501,4709.080078125,25200.0,14136.0,0.2985,0.30829213279067225
2023,2231901,4709.080078125,30010.0,9206.801,0.39659837,0.4116851279157163
2023,4408502,4709.080078125,37032.0,22971.762,0.254,0.24811621359497738
2023,3614801,9418.16015625,150002.0,125451.69,0.37399998,0.3880504503752398
2023,2144301,4709.080078125,125715.0,96189.72,0.337,0.36000051033626623
2023,5017601,4709.080078125,234082.0,189931.75,0.2965,0.27024479530656065
2023,1220001,4709.080078125,40300.0,19500.0,0.4638002,0.46681819666716984
2023,2147201,4709.080078125,32000.0,22494.0,0.25620002,0.2549432680796928
2023,2636104,4709.080078125,35000.0,21150.0,0.0,0.03499182353211927
2023,3921701,14127.240234375,81700.0,47456.0,0.24467504,0.2548850522143806
2023,7075901,4709.080078125,136008.0,104366.0,0.345,0.34318115051529086
2023,1562101,9418.16015625,56000.0,37653.4,0.23018743,0.2520229854552799
2023,4343801,4709.080078125,71356.0,51424.08,0.354,0.34790386521081207
2023,4850401,4709.080078125,56932.0,39901.68,0.1965,0.2084751983907881
2023,647401,14127.240234375,36610.0,8874.801,0.47633958,0.4801444005310027
2023,4988201,4709.080078125,36250.0,21500.0,0.1965,0.20849633028357228
2023,1387701,14127.240234375,445514.0,364107.44,0.36655468,0.3365319887423722
2023,776301,4709.080078125,126420.0,89955.6,0.3929795,0.39318429542612476
2023,8423001,14127.240234375,60001.0,28061.816,0.2717108,0.2907164110860493
2023,8516501,4709.080078125,394020.0,321673.6,0.3695,0.356400451775578
2023,7341901,4709.080078125,74186.0,57936.477,0.32149953,0.3418952679641436
2023,2233601,18836.3203125,99490.0,71761.84,0.25998193,0.2561077535169404
2023,959303,4709.080078125,44323.0,30369.64,0.2515,0.2872865567550458
2023,6060001,9418.16015625,354095.0,294315.44,0.38095996,0.40117748041510226
2023,3656301,4709.080078125,397028.0,329719.03,0.37399998,0.37091148092653403
2023,1104001,4709.080078125,200100.0,145168.0,0.31187356,0.29905160250815355
2023,4238002,9418.16015625,42000.0,28150.0,0.254,0.2507971337071693
2023,489401,4709.080078125,129962.0,86634.8,0.2465,0.24867539348437329
2023,8160503,4709.080078125,125160.0,92908.8,0.38950002,0.39407836336013546
2023,1937301,9418.16015625,15512.0,1022.0,0.1342,0.16561834974087053
2023,5802702,9418.16015625,35002.0,14201.359,0.37929004,0.39036049470887857
2023,2277801,4709.080078125,82253.0,39600.04,0.25998217,0.26845530942754947
2023,4381801,4709.080078125,173177.0,109353.0,0.354,0.3366998502808566
2023,4559501,9418.16015625,50000.0,22300.0,0.1965,0.1895678383718954
2023,1472701,9418.16015625,169775.0,121387.0,0.332125,0.36092295759331117
2023,8536601,9418.16015625,60058.0,32339.441,0.2095,0.2030692894473245
2023,7021401,4709.080078125,72040.0,44127.203,0.245,0.2522335579835361
2023,8358201,9418.16015625,90000.0,76150.0,0.4025,0.4125264769027528
2023,8058701,4709.080078125,251363.0,223271.62,0.43150002,0.42273975883450254
2023,4902001,4709.080078125,192001.0,155900.69,0.34149998,0.324306525484635
2023,8239201,4709.080078125,65255.0,65332.22,0.3791499,0.36452570032509046
2023,911402,9418.16015625,35000.0,21150.0,0.2874099,0.3022046116172086
2023,1541702,14127.240234375,30002.0,16152.0,0.22399999,0.22997557102808852
2023,642302,14127.240234375,82031.0,47031.08,0.3565,0.35114870119845987
2023,2365701,9418.16015625,70092.0,35097.812,0.25,0.2314836525018067
2023,3119101,4709.080078125,72235.0,43319.797,0.252,0.26090707562056026
2023,2012001,4709.080078125,37075.0,9351.0,0.37871963,0.3815966029419594
2023,7507101,4709.080078125,100065.0,70345.16,0.25599998,0.2762958442678025
2023,2587701,9418.16015625,166500.0,137424.0,0.346,0.3652683869505373
2023,2074101,4709.080078125,134665.0,103616.2,0.337,0.32339468142973815
2023,4533602,9418.16015625,27832.0,7632.451,0.2615,0.23603108482555668
2023,1226001,9418.16015625,132000.0,103624.55,0.32719994,0.3284100566848166
2023,7303101,4709.080078125,194902.0,165953.69,0.3215,0.30426224759915677
2023,832101,4709.080078125,23000.0,9150.0,0.2315,0.224520595053328
2023,8645401,4709.080078125,234221.0,165486.39,0.3906211,0.4003702967116698
2023,6929201,4709.080078125,58508.0,53453.156,0.1965,0.18920757560688395
2023,1556201,9418.16015625,42360.0,25386.0,0.321875,0.2952926670537852
2023,115301,4709.080078125,1.0403e+06,981900.0,0.3935,0.3940429395888565
2023,7389001,14127.240234375,111800.0,74334.0,0.3215,0.29443382490654635
2023,6207201,14127.240234375,472410.0,411596.8,0.3435,0.3851188245183642
2023,6325803,4709.080078125,41701.0,27850.68,0.0,-0.02076011710335024
2023,6866001,4709.080078125,181996.0,154295.38,0.3545,0.35309374406436844
2023,825205,4709.080078125,72000.0,58150.0,0.3515,0.356329617246095
2023,2596003,4709.080078125,17000.0,3150.0,0.0,-0.0022966526891323724
2023,1070301,4709.080078125,90000.0,69200.0,0.3315,0.3639054709039803
2023,7824301,4709.080078125,48002.0,34151.36,0.20230004,0.20666887068650663
2023,5112901,9418.16015625,70311.0,53961.477,0.2965,0.29019112977221584
2023,2397701,14127.240234375,20129.0,5603.3203,0.0,-0.03763838889947668
2023,768201,14127.240234375,317175.0,301949.0,0.442,0.44918326442039025
2023,2274801,4709.080078125,32510.0,27840.3,0.34778002,0.36083054644998525
2023,2364801,4709.080078125,120000.0,99200.0,0.3845,0.3921725902348696
2023,6331201,4709.080078125,132330.0,118374.41,0.3165,0.30067771817300537
2023,5297301,4709.080078125,29426.0,15560.801,0.23867498,0.23239205360913318
2023,8013001,4709.080078125,48842.0,50855.703,0.3495,0.3580584267656829
2023,4024801,18836.3203125,40006.0,26154.078,0.245,0.23524965912781337
2023,1089904,14127.240234375,115000.0,101150.0,0.38147363,0.37997071189347786
2023,6240701,4709.080078125,144502.0,110561.36,0.2965,0.27925597435118277
2023,6563701,14127.240234375,59250.0,26590.0,0.1965,0.21047945695790582
2023,4655701,4709.080078125,40000.0,28550.0,0.1965,0.2030550320910547
2023,6857401,9418.16015625,116250.0,83470.0,0.2545,0.26177224495529383
2023,4223901,9418.16015625,62000.0,34300.0,0.254,0.28080127120157283
2023,4398501,14127.240234375,63413.0,11213.801,0.13399975,0.1275649701533722
2023,3590401,9418.16015625,37254.0,5700.7188,0.0765,0.07045317448537569
2023,421902,4709.080078125,90075.0,69201.0,0.3465,0.3464164926677248
2023,1015701,14127.240234375,57000.0,36508.2,0.2580249,0.26236364106085874
2023,460401,4709.080078125,162087.0,121119.16,0.3465,0.36921933398140483
2023,5285201,14127.240234375,15500.0,1650.0,0.22150001,0.22964395199576182
2023,2296301,9418.16015625,234992.0,139331.77,0.35325,0.35876762106408877
2023,4309401,14127.240234375,110071.0,72980.28,0.254,0.2688134265608434
2023,8132701,9418.16015625,15010.0,79.66211,0.29529536,0.29813110653372976
2023,1873202,18836.3203125,72001.0,53410.68,0.346,0.3393602458784096
2023,3296804,4709.080078125,40000.0,26150.0,0.24399999,0.20749716802534346
2023,6524901,14127.240234375,21000.0,200.0,0.01916406,0.01487392539588428
2023,1752501,9418.16015625,38825.0,24975.0,0.228,0.22301322553637248
2023,848601,4709.080078125,44132.0,32264.2,0.37883997,0.3799949651753012
2023,2132301,18836.3203125,131000.0,103300.0,0.337,0.36805289810925823
2023,1325303,4709.080078125,35020.0,21163.602,0.22719994,0.22771199046965507
2023,8285801,4709.080078125,78000.0,57200.0,0.2695,0.2683992344362348
2023,7340801,4709.080078125,190151.0,143842.67,0.3215,0.27840392663404157
2023,5235901,4709.080078125,82086.0,54208.477,0.23667505,0.2403370597863569
2023,7884501,9418.16015625,87341.0,78102.52,0.2805,0.2750554151992254
2023,7312801,14127.240234375,84000.0,63200.0,0.3215,0.32208854632454664
2023,1484601,4709.080078125,248010.0,212006.8,0.352125,0.37078007209410146
2023,8046101,9418.16015625,31410.0,15188.801,0.231,0.20871236856138398
2023,4519001,14127.240234375,102001.0,74301.0,0.1965,0.1812526855847375
2023,7337004,9418.16015625,77400.0,56644.676,0.43136936,0.4200123120249373
2023,8067401,18836.3203125,320565.0,271244.2,0.4605,0.47262699118049434
2023,2312201,4709.080078125,285872.0,227932.97,0.3455,0.3221395405210963
2023,1035701,4709.080078125,19503.0,6057.539,0.2265,0.2531388066500754
2023,1749301,14127.240234375,15100.0,1250.0,0.20799999,0.19629457619444202
2023,3587401,4709.080078125,44777.0,16676.04,0.46868956,0.438782869714313
2023,7398202,14127.240234375,70000.0,56150.0,0.3215,0.33809564527785596
2023,7808601,9418.16015625,49776.0,52763.42,0.30430096,0.3140808907635181
2023,145501,4709.080078125,47051.0,25698.762,0.1965,0.19449576101804855
2023,4320301,14127.240234375,49000.0,28200.0,0.254,0.2633309817857803
2023,3530201,14127.240234375,181393.0,141818.44,0.354,0.3785639802141012
2023,1715801,4709.080078125,21601.0,5879.5312,0.29299998,0.29178709303003936
2023,1091301,4709.080078125,228600.0,200708.0,0.38147363,0.39768402427549443
2023,2429701,4709.080078125,41500.0,13320.0,0.2570996,0.24825155221817108
2023,8387001,4709.080078125,173700.0,124304.0,0.4025,0.41607729355800127
2023,2356801,9418.16015625,38401.0,28432.879,0.352,0.3263982510000206
2023,4371302,4709.080078125,20000.0,6150.0,0.234,0.2488533694605931
2023,6189203,4709.080078125,65454.0,51060.0,0.0,0.008019211092191059
2023,2619703,4709.080078125,60000.0,46150.0,0.34436646,0.33089568206854647
2023,8548101,14127.240234375,19775.0,5214.5,0.17447501,0.1994908822394944
2023,8496301,4709.080078125,457242.0,444273.7,0.44576955,0.4426089399788109
2023,1902601,4709.080078125,50000.0,36150.0,0.254,0.22921909891220793
2023,4250101,4709.080078125,160000.0,132300.0,0.354,0.3794461003553339
2023,2199101,9418.16015625,63111.0,61622.586,0.23700002,0.23346995687704064
2023,2093501,4709.080078125,185762.0,163478.16,0.337,0.3326784315591891
2023,532901,4709.080078125,60600.0,65962.15,0.334,0.32085459174899544
2023,5004701,4709.080078125,245500.0,99553.36,0.084193364,0.11208013655346805
2023,4272901,9418.16015625,726025.0,669197.0,0.431,0.44947683849537867
2023,689202,4709.080078125,65903.0,44264.04,0.3054038,0.2962809727620874
2023,2058702,9418.16015625,119253.0,99457.4,0.357,0.3522081980428067
2023,8136201,4709.080078125,153006.0,120694.08,0.4225,0.41887217638051877
2023,1819901,9418.16015625,51086.0,62600.484,0.346,0.3403109261618691
2023,1248301,9418.16015625,25000.0,11150.0,0.2272,0.24022706083718903
2023,4177501,4709.080078125,138007.0,102844.76,0.36049756,0.35677362306307114
2023,8637401,14127.240234375,66901.0,50266.68,0.38950002,0.3850105768955604
2023,1835601,9418.16015625,136354.0,93340.72,0.3465,0.35806715990052684
2023,5948801,9418.16015625,53000.0,34710.0,0.24399999,0.20790146697356782
2023,6568801,9418.16015625,119312.0,98332.16,0.2965,0.2881168764158202
2023,1809301,9418.16015625,287053.0,246024.34,0.3135,0.33364427036076216
2023,6322202,4709.080078125,41600.0,27750.0,0.1965,0.18320265101092081
2023,2683601,4709.080078125,81340.0,56941.438,0.1965,0.2158423069118166
2023,5214501,4709.080078125,52000.0,24300.0,0.23667492,0.22150611953361699
2023,5239501,4709.080078125,30000.0,9200.0,0.39980006,0.38216111543351317
2023,4496401,14127.240234375,53040.0,37340.0,0.1965,0.21281749349413925
2023,920401,14127.240234375,150021.0,126199.28,0.39464062,0.37988391526231036
2023,7592002,14127.240234375,40000.0,19200.0,0.35630006,0.34962298666060565
2023,2332101,18836.3203125,87006.0,73154.08,0.3645,0.35130437470774223
2023,1484501,4709.080078125,115107.0,87308.76,0.23153588,0.19421765949779657
2023,610001,9418.16015625,64405.0,49725.4,0.3565,0.36043562649690475
2023,4835601,9418.16015625,47000.0,33150.0,0.1965,0.21149891935103138
2023,6015701,4709.080078125,303254.0,254012.72,0.2635,0.27969739471813204
2023,361901,9418.16015625,467300.0,422264.0,0.4235,0.4351387757932953
2023,4325901,4709.080078125,100000.0,72300.0,0.254,0.25543657000916364
2023,1736001,9418.16015625,98015.0,70310.84,0.228,0.22138759418205456
2023,5455901,4709.080078125,45001.0,55462.83,0.3465,0.3419639327882341
2023,1412701,9418.16015625,111372.0,67272.96,0.22719994,0.21105234284509133
2023,6110401,9418.16015625,94494.0,65435.92,0.1965,0.1962387853840526
2023,3072201,4709.080078125,239051.0,186054.69,0.30389944,0.2781390491919742
2023,8329701,4709.080078125,89409.0,50456.117,0.2495,0.25444926867597073
2023,1207801,9418.16015625,429025.0,398805.0,0.45720118,0.41900451951063145
2023,2465801,9418.16015625,321254.0,244474.69,0.4145,0.4052697924710109
2023,1053404,4709.080078125,23010.0,9156.801,0.0,0.021200970476573655
2023,8255501,4709.080078125,102503.0,56142.04,0.2095,0.23038274064373476
2023,7933301,4709.080078125,60156.0,39756.4,0.2805,0.27176897200605543
2023,1933201,14127.240234375,304860.0,257370.4,0.3135,0.3173244744214089
2023,5741601,4709.080078125,185000.0,157300.0,0.339,0.32709519399069253
2023,7395801,4709.080078125,715023.0,615815.6,0.3985,0.39134139164926407
2023,4621103,4709.080078125,35000.0,21150.0,0.1965,0.19796162310876853
2023,4450301,9418.16015625,85000.0,71150.0,0.2965,0.31123641824885295
2023,1834801,9418.16015625,72000.0,47608.742,0.36581764,0.3893858063479749
2023,934001,18836.3203125,35360.0,21510.0,0.2515,0.25980895925944414
2023,8076801,9418.16015625,19012.0,5158.16,0.19864008,0.1812980327656144
2023,8095701,9418.16015625,22000.0,8150.0,0.21864006,0.21444677028304038
2023,5232501,14127.240234375,535697.0,481253.97,0.40482616,0.42307628137885867
2023,2444901,9418.16015625,90150.0,55831.64,0.34230345,0.33944976936951576
2023,2532201,9418.16015625,48000.0,34150.0,0.244515,0.23720229943146598
2023,6312301,9418.16015625,316450.0,278126.0,0.2635,0.2795955188368706
2023,8076001,4709.080078125,100181.0,86273.08,0.4025,0.40019934665212353
2023,8012201,4709.080078125,72002.0,52041.36,0.2495,0.2484071001752941
2023,7050201,9418.16015625,162002.0,134301.36,0.345,0.3634512953766007
2023,5382401,4709.080078125,25000.0,11150.0,0.2465,0.2397299631440486
2023,885701,4709.080078125,31203.0,17352.04,0.2868402,0.2767715616178905
2023,1327401,9418.16015625,51000.0,28880.0,0.44380003,0.4285344707765224
2023,8084001,4709.080078125,134064.0,97757.5,0.38950002,0.3732026335316466
2023,4980301,4709.080078125,48433.0,32702.367,0.2985,0.3222495425690234
2023,225202,4709.080078125,76074.0,62216.32,0.3625,0.3772727435400409
2023,979801,9418.16015625,214091.0,205261.88,0.31449997,0.3056164884022986
2023,5821903,4709.080078125,93010.0,62996.797,0.339,0.3304549118799459
2023,107403,4709.080078125,150001.0,136150.69,0.3165,0.30764222600058444
2023,1322701,9418.16015625,48102.0,32668.16,0.22719994,0.149062499084342
2023,4574401,9418.16015625,41800.0,36496.0,0.1965,0.18495001406902867
2023,6120501,9418.16015625,15000.0,72.22754,0.28680098,0.26626373496314426
2023,5592101,4709.080078125,84950.0,52092.0,0.3435,0.3276542546444513
2023,1726901,4709.080078125,58785.0,31073.602,0.45966065,0.4507893032414604
2023,6232201,9418.16015625,36201.0,6900.6797,0.0765,0.08375016779153188
2023,1807201,9418.16015625,75020.0,45813.6,0.24599999,0.2315568313226617
2023,2366201,4709.080078125,55000.0,41150.0,0.2645,0.2785739487757468
2023,6450802,4709.080078125,20000.0,6150.0,0.1765,0.18136106190997758
2023,5553401,4709.080078125,24000.0,10150.0,0.2135,0.2229858162533025
2023,7742401,9418.16015625,216600.0,113900.0,0.30230078,0.30087126025610966
2023,5710001,9418.16015625,72000.0,44300.0,0.2315,0.18571780023832007
2023,4700301,9418.16015625,36032.0,27197.2,0.2985,0.3304945753159264
2023,938301,4709.080078125,217865.0,168826.6,0.31063965,0.2987105673652126
2023,2682901,4709.080078125,153910.0,110918.8,0.31599998,0.3430288911589414
2023,1969001,14127.240234375,142184.0,118557.28,0.3665,0.37393032207029975
2023,1843301,4709.080078125,233701.0,191495.36,0.4545,0.43944540401797083
2023,8562701,4709.080078125,44490.0,17280.645,0.288375,0.28723051898406426
2023,3205301,4709.080078125,33000.0,12200.0,0.522245,0.5349455709111391
2023,8043101,9418.16015625,30000.0,2451.75,0.23949999,0.2529788207421908
2023,5197701,9418.16015625,136996.0,109449.2,0.3506748,0.33954856003083456
2023,7122401,4709.080078125,43712.0,15517.02,0.19904076,0.21353290808957426
2023,4272901,9418.16015625,726025.0,669197.0,0.431,0.4279125244776455
2023,4750901,4709.080078125,34001.0,18650.68,0.1965,0.19558405733986473
2023,4206801,9418.16015625,37440.0,23590.0,0.2605,0.2724488871714633
2023,1535301,9418.16015625,104351.0,73488.68,0.222625,0.1798219592347381
2023,6292701,14127.240234375,58200.0,20436.0,0.17650011,0.16334531253756557
2023,2073701,14127.240234375,199004.0,158302.03,0.337,0.3697311925855049
2023,414101,4709.080078125,67000.0,62020.0,0.34267503,0.33960385093906476
2023,5465102,4709.080078125,108001.0,94150.68,0.3465,0.3572230261304894
2023,1427501,4709.080078125,48000.0,27200.0,0.43780017,0.4256906483769337
2023,8364701,4709.080078125,135006.0,97304.08,0.3955,0.4073591036449782
2023,8449401,9418.16015625,113171.0,75946.28,0.4025,0.4042114531761193
2023,8194702,4709.080078125,96650.0,82784.0,0.4025,0.3949089697615684
2023,2794901,9418.16015625,50268.0,36332.24,0.1965,0.1789195779412135
2023,352802,9418.16015625,100000.0,86150.0,0.3465,0.36581858118468924
2023,8276301,9418.16015625,95003.0,78652.04,0.4025,0.40747581126458476
2023,3592605,14127.240234375,80000.0,66150.0,0.354,0.361624981584302
2023,8522102,4709.080078125,31200.0,9200.0,0.37788358,0.3879621925904382
2023,8504801,4709.080078125,43000.0,29150.0,0.2495,0.21563383477916687
2023,7762701,9418.16015625,25000.0,11150.0,0.20230004,0.19418270168155705
2023,2158501,4709.080078125,103253.0,72096.04,0.23699999,0.26067622752844644
2023,3055801,4709.080078125,96388.0,54737.266,0.3617351,0.34691979903951387
2023,7754001,9418.16015625,80100.0,63218.0,0.3022998,0.2642845654983963
2023,2307101,9418.16015625,65204.0,51352.72,0.35585988,0.3390171339239617
2023,1384101,14127.240234375,41215.0,31875.098,0.32919994,0.3542019009741644
2023,4630701,9418.16015625,42994.0,50157.523,0.3465,0.3543635196937194
2023,8325801,4709.080078125,60002.0,32301.36,0.4201001,0.40143908849233756
2023,6144401,14127.240234375,120601.0,91224.68,0.2965,0.3088366543905071
2023,4708302,14127.240234375,50001.0,20804.68,0.0,-0.011157268898570605
2023,954701,14127.240234375,80110.0,19374.8,0.6392401,0.6321855753884756
2023,5041101,9418.16015625,60600.0,33974.996,0.23081934,0.24843883027041613
2023,8663104,4709.080078125,40001.0,26150.68,0.0,0.0014870271793422374
2023,1223201,4709.080078125,243518.0,212230.95,0.48359594,0.5237905470229003
2023,4368701,14127.240234375,60000.0,32300.0,0.4646001,0.4781374291276249
2023,7934601,4709.080078125,30157.0,16086.76,0.2805,0.2850287516177614
2023,6415401,4709.080078125,690303.0,646501.75,0.3735,0.392741714837503
2023,6150201,4709.080078125,30113.0,9147.887,0.17628905,0.14197784245311496
2023,6187801,4709.080078125,35010.0,14206.801,0.3362998,0.3596102075560039
2023,2600301,9418.16015625,20000.0,3789.6357,0.24596001,0.25420981404423804
2023,2153502,4709.080078125,156743.0,126036.03,0.337,0.3348294420318716
2023,7346201,14127.240234375,197230.0,183739.83,0.320875,0.2959586760362808
2023,7348503,9418.16015625,41600.0,27750.0,0.0,0.03525991296281661
2023,7843601,4709.080078125,39005.0,25153.398,0.20230004,0.17876312263389882
2023,8181701,14127.240234375,159595.0,145554.6,0.4225,0.4223522555908107
2023,4322801,4709.080078125,94055.0,78887.4,0.354,0.36965844055620345
2023,4267301,14127.240234375,40025.0,12317.0,0.234,0.22509937220873044
2023,7206601,4709.080078125,188751.0,142070.69,0.3455,0.3422347601007969
2023,5556601,4709.080078125,16500.0,2650.0,0.21057001,0.2223272761082764
2023,6185402,4709.080078125,30001.0,16150.68,0.1965,0.19509662983762377
2023,7144501,4709.080078125,119651.0,105590.64,0.3655,0.3715826666437463
2023,8031501,9418.16015625,194302.0,159505.36,0.4025,0.40080195975819033
2023,2433501,4709.080078125,174579.0,108638.75,0.3535,0.34270925700017185
2023,2923801,4709.080078125,40449.0,12747.398,0.44326058,0.4207421146776126
2023,940501,14127.240234375,23000.0,18400.0,-0.03797081,-0.006342275458817603
2023,4764001,9418.16015625,110718.0,75188.24,0.1965,0.15248968066257806
2023,511502,4709.080078125,72800.0,58950.0,0.334,0.365721908470518
2023,3981202,23545.400390625,41000.0,23830.0,0.245,0.2478595195912341
2023,4533602,9418.16015625,27832.0,7632.451,0.2615,0.2505579241435907
2023,2103801,4709.080078125,141416.0,108112.88,0.357,0.35246714648025734
2023,4835102,4709.080078125,94000.0,66221.0,0.30728027,0.31798070235353415
2023,452801,9418.16015625,36000.0,11200.0,0.42133996,0.42434297018658074
2023,544701,9418.16015625,32100.0,20105.5,0.336,0.3441335553034196
2023,7433101,9418.16015625,381030.0,265914.97,0.28849998,0.2989064243235121
2023,2603502,4709.080078125,40446.0,21452.2,0.244515,0.22829683314609406
2023,1135003,9418.16015625,35971.0,21906.281,0.22723491,0.2203068003113413
2023,4396101,9418.16015625,147915.0,98502.2,0.354,0.365094095061799
2023,6831501,9418.16015625,96013.0,56420.844,0.2545,0.2375437811925395
2023,1671901,14127.240234375,30001.0,16150.68,0.228,0.2220462639380233
2023,5108101,9418.16015625,36219.0,42971.473,0.30814746,0.2939440835337137
2023,891401,9418.16015625,86515.0,72660.2,0.3879795,0.37826964395478946
2023,689601,14127.240234375,96438.0,82592.06,0.25395924,0.2692617215101921
2023,4465501,4709.080078125,132801.0,103100.68,0.29650193,0.3062854250074204
2023,4526701,18836.3203125,16000.0,300.0,0.1765,0.16097044281530226
2023,5295701,4709.080078125,77400.0,49700.0,0.23867504,0.22696871733161184
2023,6313101,9418.16015625,55007.0,54006.906,0.1965,0.1969197544269844
2023,8579906,9418.16015625,63011.0,49157.48,0.38950002,0.3877066840012674
2023,4353901,4709.080078125,66000.0,42140.0,0.254,0.22978691392018313
2023,2354301,9418.16015625,48150.0,16898.281,0.39157337,0.4005053525511315
2023,7127901,4709.080078125,40582.0,24951.5,0.3305,0.32128005544262694
2023,2009603,14127.240234375,25000.0,11150.0,0.24599999,0.24980170685287917
2023,3650401,4709.080078125,67001.0,53150.68,0.354,0.3575059753863399
2023,852701,14127.240234375,241876.0,212055.19,0.36303222,0.3452925517754245
2023,421403,14127.240234375,47730.0,20028.398,0.2265,0.21037272182330125
2023,8497901,4709.080078125,161024.0,125866.31,0.4225,0.41063472157941894
2023,7598501,4709.080078125,150541.0,112667.875,0.2965,0.27316107423724356
2023,6144101,4709.080078125,153050.0,125334.0,0.2965,0.29613046548978006
2023,3292001,18836.3203125,120503.0,95132.04,0.36164063,0.3506640524437513
2023,1400701,4709.080078125,207171.0,137878.28,0.3272002,0.3323986722474024
2023,1307101,9418.16015625,141340.0,112751.2,0.3271997,0.32172506330491735
2023,1894201,4709.080078125,66000.0,50300.0,0.346,0.3481243374202386
2023,4579001,4709.080078125,78000.0,50300.0,0.1965,0.19454923264398838
2023,6245804,4709.080078125,128200.0,97300.0,0.2965,0.2859543839805657
2023,5753201,9418.16015625,51805.0,37955.0,0.239,0.25440848019464113
2023,2064901,9418.16015625,25000.0,9300.0,0.317,0.2803215641407323
2023,8454501,9418.16015625,141305.0,134167.56,0.3955,0.41051384811159897
2023,6392701,4709.080078125,139410.0,103285.0,0.2965,0.3175336598880557
2023,4617802,4709.080078125,28000.0,7200.0,0.3071006,0.2867459964828589
2023,5016801,4709.080078125,216642.0,178367.2,0.2965,0.2824379031692983
2023,3541901,9418.16015625,48000.0,34150.0,0.254,0.24226889136168905
2023,1862503,4709.080078125,22400.0,8550.0,0.0,-0.015832666973730758
2023,2582003,4709.080078125,60000.0,46150.0,0.34436646,0.3445671353946579
2023,6540201,4709.080078125,110000.0,82300.0,0.1965,0.21432295659725364
2023,347302,4709.080078125,63615.0,30998.2,0.2465,0.24507069298621864
2023,1071602,4709.080078125,30000.0,16150.0,0.214,0.22719421655207728
2023,645001,14127.240234375,368326.0,319251.7,0.32349998,0.30680560364448883
2023,609901,4709.080078125,53566.0,57881.68,0.3015,0.304063237724565
2023,7776301,4709.080078125,98107.0,74845.0,0.3022998,0.3165509769118312
2023,6194401,14127.240234375,164000.0,136300.0,0.2965,0.3021296946078541
2023,4033301,14127.240234375,85509.0,41046.117,0.24467492,0.23683709751118664
2023,959602,9418.16015625,40000.0,26150.0,0.2515,0.26197472201629235
2023,4199701,14127.240234375,480000.0,452300.0,0.4075,0.41955484670895515
2023,4029601,9418.16015625,205000.0,169700.0,0.2826748,0.2782913762068756
2023,1399801,4709.080078125,96283.0,81942.44,0.32719994,0.32306695518550466
2023,3620001,4709.080078125,83003.0,47142.04,0.254,0.2633948394048573
2023,3231301,4709.080078125,41202.0,12001.359,0.27936938,0.28780569969252945
2023,5047003,4709.080078125,45000.0,31150.0,0.1965,0.19182515336831774
2023,5271401,4709.080078125,197321.0,140598.28,0.3506748,0.37376133721893356
2023,642302,14127.240234375,82031.0,47031.08,0.3565,0.3787488759567118
2023,2908101,9418.16015625,51721.0,22682.281,0.23159997,0.24527809559232772
2023,5132801,4709.080078125,50000.0,22300.0,0.40710008,0.4102554750557683
2023,4273901,9418.16015625,153346.0,102791.16,0.354,0.34895925033926345
2023,7781701,9418.16015625,17000.0,3150.0,0.34967256,0.32523809076756893
2023,5723006,4709.080078125,30000.0,16150.0,0.0,-0.02167301109331743
2023,1336703,9418.16015625,81000.0,53300.0,0.22719994,0.23028375539597024
2023,809403,4709.080078125,125500.0,108790.0,0.42433983,0.4246134376696318
2023,5392701,9418.16015625,217878.0,212601.34,0.3165,0.33341783510133527
2023,429501,4709.080078125,201152.0,154744.48,0.3465,0.34680242745946777
2023,4802701,14127.240234375,597501.0,559365.6,0.3735,0.3780048314480775
2023,8363401,4709.080078125,25010.0,816.375,0.2745,0.2686230288424619
2023,4742801,4709.080078125,52100.0,36368.0,0.1965,0.21294635702535403
2023,3106701,9418.16015625,66503.0,49702.04,0.3625,0.3541689602558987
2023,5412701,4709.080078125,83000.0,47690.0,0.3465,0.3209729627015846
2023,3934701,9418.16015625,28001.0,11621.379,0.33167565,0.3334903568637779
2023,4554801,4709.080078125,190546.0,156274.47,0.2965,0.28939926658164505
2023,8373001,4709.080078125,39558.0,18530.8,0.36929983,0.35832356290472167
2023,3067201,4709.080078125,74150.0,43622.0,0.2529375,0.26039345889495835
2023,8491401,4709.080078125,205076.0,158739.73,0.5321413,0.529512881770638
2023,8122302,9418.16015625,17000.0,3150.0,0.0,-0.00031485957741939075
2023,1541701,14127.240234375,35702.0,14901.48,0.34032714,0.33871431851657197
2023,796602,9418.16015625,86515.0,71380.2,0.38798046,0.3996943370900452
2023,974601,4709.080078125,45694.0,31141.754,0.32908496,0.32867376033577234
2023,372901,9418.16015625,371180.0,341324.0,0.3135,0.30489966556180226
2023,940702,14127.240234375,33190.0,15441.199,0.0,-0.03694468887767721
2023,6054401,4709.080078125,102951.0,88604.0,0.29649854,0.2794233986536169
2023,813201,4709.080078125,66001.0,52151.0,0.38797998,0.35413238732928587
2023,2318201,9418.16015625,25000.0,4200.0,0.23197709,0.2465701953676166
2023,7700602,14127.240234375,60221.0,42364.28,0.2022998,0.18471249996566697
2023,405901,4709.080078125,321801.0,341780.7,0.3626758,0.3597478735351294
2023,7382005,4709.080078125,56000.0,42150.0,0.2215,0.17769276457886107
2023,2078601,4709.080078125,142000.0,118982.16,0.337,0.3502630982881051
2023,1086201,4709.080078125,41950.0,26992.0,0.2315,0.24746502160888884
2023,6147902,4709.080078125,81010.0,66836.8,0.2965,0.3069631956504377
2023,5176901,4709.080078125,200261.0,185644.56,0.3316748,0.3662354792738637
2023,7935201,4709.080078125,40000.0,26150.0,0.2805,0.28989513374796194
2023,6365204,18836.3203125,34764.0,35861.8,0.0,0.01879936216194078
2023,7310204,14127.240234375,25000.0,11150.0,0.0,-0.0037669217446436587
2023,2079602,4709.080078125,55005.0,41153.4,0.23700012,0.23045318514999114
2023,1429301,14127.240234375,70000.0,34700.0,0.22719994,0.19008875494376554
2023,6495401,9418.16015625,28001.0,14150.68,0.1965,0.1771797430734905
2023,7332101,18836.3203125,162577.0,69664.984,0.258911,0.26952272907507246
2023,8666101,4709.080078125,53000.0,38661.15,0.2095,0.22705702784280146
2023,3348701,4709.080078125,72072.0,50038.96,0.3615,0.3535992833234254
2023,2859901,4709.080078125,109500.0,81640.0,0.1965,0.2225873030654052
2023,7030401,23545.400390625,25530.0,11029.105,0.37420025,0.3448809721470093
2023,2462001,9418.16015625,71911.0,46929.48,0.3535,0.33415348371437004
2023,8291001,4709.080078125,41458.0,43093.586,0.2495,0.2582515188705298
2023,7794402,14127.240234375,720551.0,642695.56,0.38098437,0.4069360906641202
2023,3596801,4709.080078125,40560.0,9860.0,0.1765,0.1481500433206756
2023,6497001,9418.16015625,230450.0,203014.1,0.5336367,0.5349702085474384
2023,6521301,4709.080078125,39002.0,24231.36,0.1965,0.1712466457745404
2023,986001,4709.080078125,206200.0,175116.0,0.37263966,0.3971548313811565
2023,8107301,14127.240234375,25389.0,9303.903,0.21564454,0.22730999714391198
2023,4290401,14127.240234375,136521.0,114664.28,0.37399998,0.3739178839840269
2023,7484207,4709.080078125,49109.0,35259.0,0.25599998,0.2551256299228355
2023,2324701,4709.080078125,75754.0,45312.72,0.2599824,0.2682621485917699
2023,8063001,9418.16015625,35000.0,7348.5938,0.18798316,0.17524008404385205
2023,3135901,4709.080078125,307185.0,169265.8,0.37150002,0.38805311286590016
2023,294201,4709.080078125,133744.0,100945.92,0.3725,0.374729610062973
2023,8122303,9418.16015625,22000.0,8150.0,0.21864006,0.21628669742255446
2023,923901,4709.080078125,25000.0,11150.0,0.30684015,0.2978679006785644
2023,2318901,9418.16015625,154237.0,123398.41,0.3495,0.3378238095963413
2023,8430102,4709.080078125,10000.0,5101.0,0.19864005,0.22085733208724112
2023,8433201,9418.16015625,55300.0,68294.0,0.3695,0.3932236716425769
2023,4726501,9418.16015625,284585.0,305725.8,0.3165,0.29431528046619115
2023,5209401,4709.080078125,33384.0,18936.719,0.24187915,0.2355545752719459
2023,3874601,4709.080078125,167652.0,133711.36,0.3446748,0.3568233602603723
2023,2151804,9418.16015625,60000.0,46150.0,0.0,-0.039540511218859375
2023,2382501,4709.080078125,102900.0,63642.0,0.3645,0.36265954550826296
2023,5953501,9418.16015625,28524.0,13193.094,0.309,0.2883243703387538
2023,6508901,9418.16015625,69025.0,37843.234,0.1965,0.19514258053138633
2023,7105701,18836.3203125,150017.0,122311.56,0.345,0.310370918452727
2023,7095401,9418.16015625,149102.0,107399.36,0.345,0.31561630837428345
2023,923001,9418.16015625,38001.0,22300.68,0.2874099,0.29183136220703654
2023,4229801,9418.16015625,54340.0,37973.95,0.2571063,0.23884102865343282
2023,722503,4709.080078125,51077.0,36320.8,0.14135742,0.12739137623754193
2023,4580101,4709.080078125,55218.0,36047.68,0.1965,0.16853186967938505
2023,3677601,9418.16015625,38180.0,23582.398,0.23190002,0.25020727686119504
2023,8016001,4709.080078125,68500.0,30400.0,0.2295,0.2161709509994294
2023,2548401,9418.16015625,105053.0,77336.04,0.24570312,0.2254775330870259
2023,1077004,4709.080078125,20000.0,6150.0,0.19078,0.2255892997243263
2023,1240901,4709.080078125,65020.0,37313.6,0.22720031,0.24972605940805925
2023,6567401,4709.080078125,65000.0,44200.0,0.1965,0.23643643451258722
2023,5073901,4709.080078125,160352.0,108539.69,0.2965,0.30122223998730935
2023,977501,4709.080078125,61010.0,33309.36,0.2515,0.23795184727747387
2023,885303,4709.080078125,85000.0,71150.0,0.38798046,0.3645565290560051
2023,6169703,9418.16015625,30800.0,8200.0,0.2870996,0.2857778210395534
2023,820002,14127.240234375,77700.0,57050.0,0.3515,0.3245512130807463
2023,7426001,9418.16015625,77550.0,9554.0,0.31209964,0.3354291647444829
2023,6204201,4709.080078125,105002.0,91151.36,0.2965,0.3258292873794517
2023,875801,14127.240234375,255034.0,173744.98,0.47700486,0.47773066099589867
2023,890301,4709.080078125,37800.0,24225.0,0.27556995,0.2685807013817292
2023,8643501,14127.240234375,299130.0,237701.75,0.3695,0.3700151813828202
2023,2904603,4709.080078125,15600.0,1750.0,0.0,0.0503730469443715
2023,2816003,4709.080078125,42011.0,28157.48,0.1965,0.19828820932206748
2023,7364904,4709.080078125,52100.0,32578.0,0.0,0.03208570854661308
2023,8412801,14127.240234375,200002.0,166301.36,0.35289842,0.3419735690480904
2023,8639601,4709.080078125,147657.0,69767.08,0.2695,0.26277424322081677
2023,6513702,9418.16015625,39002.0,24231.36,0.1965,0.21515975590425873
2023,2937101,4709.080078125,255021.0,222314.28,0.3298994,0.33845293346106176
2023,882201,4709.080078125,55010.0,27306.8,-0.24331945,-0.21082808106316553
2023,7034201,9418.16015625,50105.0,20591.209,0.26856384,0.2697091130071705
2023,4635101,14127.240234375,56457.0,28418.762,0.1965,0.17708267577770198
2023,3572001,4709.080078125,40010.0,26156.8,0.254,0.27215913069837927
2023,8127501,9418.16015625,100020.0,86063.6,0.4025,0.3949232007825375
2023,1042901,9418.16015625,135118.0,121230.234,0.3814741,0.3896194801676356
2023,4208701,4709.080078125,40000.0,19116.074,0.2615,0.275994289436317
2023,309501,4709.080078125,217671.0,213864.58,0.3725,0.37417679680027593
2023,4000304,4709.080078125,24600.0,5058.0,0.124,0.14638094897929133
2023,716001,18836.3203125,170000.0,142300.0,0.3515,0.3604142391143317
2023,1088001,4709.080078125,210044.0,182329.92,0.3614746,0.3803130345623942
2023,1078801,4709.080078125,50000.0,22300.0,0.21434997,0.17479689171473123
2023,5548001,4709.080078125,65010.0,51156.8,0.34349903,0.34292004538312626
2023,6446002,9418.16015625,78009.0,64156.117,0.2965,0.30869937645107415
2023,4788701,4709.080078125,180052.0,152336.0,0.2965,0.2927265116734
2023,8494203,14127.240234375,33000.0,19150.0,0.2495,0.251604634719077
2023,2911701,4709.080078125,26220.0,15666.6,0.33360034,0.3372715442744473
2023,2098901,4709.080078125,370100.0,325968.0,0.304,0.29323105708835007
2023,7855501,4709.080078125,183690.0,155129.19,0.2402998,0.2257757602951036
2023,1722805,9418.16015625,93010.0,79156.8,0.328,0.33685358802270615
2023,8501801,9418.16015625,172349.0,142247.31,0.3605,0.36963992779328125
2023,329201,14127.240234375,285903.0,196814.3,0.27312404,0.27810510557783086
2023,8539201,4709.080078125,84523.0,46949.633,0.2525,0.29430277951450023
2023,628701,4709.080078125,40662.0,25427.36,0.2915,0.3178358475584674
2023,8039101,4709.080078125,114072.0,85763.04,0.2695,0.24410606828069192
2023,4433501,4709.080078125,79682.0,63675.0,0.1965,0.1627678648936407
2023,8678201,4709.080078125,65011.0,47307.48,0.38950124,0.3932903115104772
2023,825102,9418.16015625,28000.0,7200.0,-0.5614,-0.5840688181092759
2023,4614201,4709.080078125,22005.0,1203.4004,-0.073500246,-0.08188603733780608
2023,8535801,4709.080078125,146000.0,112100.0,0.38950002,0.34065278470631455
2023,4399901,4709.080078125,222320.0,184808.6,0.354,0.3356634195064908
2023,5181001,14127.240234375,37000.0,23150.0,0.23667505,0.23911219230792724
2023,6141901,9418.16015625,32400.0,4700.0,0.076500244,0.09829985437639943
2023,3912302,4709.080078125,40001.0,26150.68,0.245,0.2747208719787265
2023,5152701,4709.080078125,76000.0,50880.0,0.23867504,0.23479264361244956
2023,4796701,9418.16015625,62002.0,29601.36,0.1965,0.21155045766378033
2023,8097604,14127.240234375,40000.0,18659.271,0.140625,0.17064437975554536
2023,642501,4709.080078125,157472.0,116360.97,0.35650098,0.3668190913454138
2023,2074701,4709.080078125,131120.0,103381.59,0.337,0.35468648311153206
2023,8430904,14127.240234375,25001.0,7507.589,0.14160156,0.10462116151013978
2023,8031901,4709.080078125,189017.0,161307.47,0.4025,0.38918433368237004
2023,3919701,4709.080078125,36000.0,22150.0,0.245,0.2451504733763712
2023,5095601,9418.16015625,72000.0,44300.0,0.1965,0.166214825625161
2023,2049201,9418.16015625,62695.0,76432.6,0.337,0.33571639172818657
2023,1493501,18836.3203125,167398.0,137470.0,0.332125,0.34635204389530905
2023,3970101,4709.080078125,94244.0,66544.0,0.24467504,0.21535909375240203
2023,2564001,9418.16015625,18761.0,8020.9805,0.22649999,0.2160082841490133
2023,4790402,4709.080078125,33600.0,19750.0,0.1965,0.21706785874974244
2023,851401,4709.080078125,55007.0,40442.754,0.3148181,0.31807081406390203
2023,8571501,9418.16015625,144104.0,136382.72,0.4225,0.4350043899515136
2023,8641001,9418.16015625,150000.0,122300.0,0.4025,0.4228026506301824
2023,6156401,14127.240234375,35935.0,17435.8,0.1965,0.17767835041863544
2023,4499201,9418.16015625,91609.0,92139.72,0.2965,0.2621036713438806
2023,2264601,9418.16015625,72601.0,35818.68,0.2558602,0.281428855764407
2023,7375202,4709.080078125,90201.0,76036.68,0.3215,0.311883121343858
2023,6062501,14127.240234375,77745.0,61856.6,0.2965,0.30785057913306746
2023,1335801,4709.080078125,21001.0,8080.1797,0.25719994,0.26619100384190153
2023,8167701,4709.080078125,35000.0,21150.0,0.2495,0.2605329273314311
2023,7431504,4709.080078125,57400.0,29700.0,0.2215,0.23813509619824702
2023,8429802,4709.080078125,57200.0,55556.0,0.3695,0.3687347548294605
2023,6310602,4709.080078125,40000.0,24300.0,0.1965,0.21301953333704193
2023,5029801,9418.16015625,36030.0,33423.4,0.2985,0.29374079348594884
2023,3534301,9418.16015625,54602.0,40751.36,0.254,0.25493636070688674
2023,8303301,9418.16015625,38001.0,17200.68,0.4201001,0.42355391532005604
2023,7838701,18836.3203125,26000.0,12150.0,0.20230004,0.2201953766194037
2023,642302,14127.240234375,82031.0,47031.08,0.3565,0.36571226141441815
2023,426001,9418.16015625,175056.0,126984.8,0.3465,0.3340415682003609
2023,2940301,4709.080078125,161252.0,135225.9,0.3628999,0.3548713743116405
2023,7353701,4709.080078125,73506.0,58494.08,0.3215,0.3378808045789159
2023,8647601,9418.16015625,74001.0,56270.68,0.38950002,0.3879820786974233
2023,1280501,4709.080078125,29536.0,4574.3984,0.24330002,0.22895130913966877
2023,4864001,14127.240234375,34794.0,17021.277,0.3065005,0.33484812721726465
2023,3000501,14127.240234375,234805.0,186980.03,0.3535,0.344658030819637
2023,8539601,4709.080078125,184760.0,133811.45,0.4025,0.4123164434104717
2023,7677501,4709.080078125,60000.0,30800.0,0.1965,0.18495596069482279
2023,7636203,4709.080078125,46000.0,32150.0,0.1965,0.21168661924755938
2023,4000401,4709.080078125,19000.0,5150.0,0.225,0.2591923973223986
2023,3514201,4709.080078125,54261.0,28377.48,0.254,0.2837444416195296
2023,2027301,4709.080078125,190763.0,168443.16,0.337,0.3362025251786649
2023,716003,18836.3203125,19000.0,5150.0,0.0,-0.006514188172223712
2023,7832801,4709.080078125,134545.0,99550.59,0.3522998,0.36677867552907684
2023,7367101,4709.080078125,33001.0,19150.68,0.2215,0.20897163319226297
2023,8937803,4709.080078125,24000.0,3200.0,0.0,0.04068712073401459
2023,8776401,4709.080078125,55001.0,34806.203,0.32228443,0.323403118464791
2023,4623401,4709.080078125,131901.0,123714.83,0.3165,0.3368831365324194
2023,6805401,4709.080078125,316248.0,273168.62,0.32149997,0.3324671119763526
2023,8398602,9418.16015625,19007.0,5154.76,0.21864009,0.21771365470649406
2023,7743901,14127.240234375,163551.0,135202.36,0.3022998,0.31714730213770215
2023,1859701,14127.240234375,179213.0,142177.36,0.4859785,0.49089655099460594
2023,3888301,4709.080078125,41600.0,13900.0,0.225,0.20525578653055065
2023,1151002,4709.080078125,46600.0,23288.0,0.43806976,0.4461159239111422
2023,8450101,9418.16015625,390301.0,283101.0,0.41989842,0.4076512422008959
2023,4971501,4709.080078125,29300.0,10952.165,0.21594977,0.23778367156699254
2023,1752301,4709.080078125,294004.0,218902.72,0.30739844,0.29816383680245884
2023,5941001,4709.080078125,181772.0,149985.28,0.34399998,0.31992707702996925
2023,5073301,4709.080078125,261542.0,218088.56,0.23449999,0.2803693354971136
2023,2595201,4709.080078125,117816.0,86854.875,0.24570288,0.2605815563713497
2023,1053901,4709.080078125,67006.0,46514.08,0.3528551,0.3434511830015926
2023,5939301,14127.240234375,250340.0,236221.2,0.402,0.4050278471280888
2023,4382601,14127.240234375,62500.0,34800.0,0.254,0.24704592529542513
2023,6929301,4709.080078125,112751.0,106096.67,0.2965,0.3070427610859272
2024,24437,9704.8623046875,140750.0,114418.55,0.3723003,0.3709399857582575
2024,70139,4852.43115234375,77627.0,53616.383,0.24950075,0.2524159661129748
2024,52022,14557.29296875,96800.0,68529.22,0.2965,0.27565885642905497
2024,40360,9704.8623046875,63500.0,38100.0,0.1965,0.19137303686490614
2024,10809,4852.43115234375,102310.0,74510.35,0.22719994,0.22064982519599263
2024,10808,4852.43115234375,114002.0,49737.766,0.22719994,0.23511654751700795
2024,5943,9704.8623046875,50006.0,42579.18,0.3535,0.36133310375102223
2024,64652,4852.43115234375,186403.0,138827.62,0.343,0.35006648582552946
2024,40558,9704.8623046875,103237.0,71274.55,0.19649951,0.18853676735712388
2024,50681,4852.43115234375,51523.0,29615.64,0.1965,0.20491218394313704
2024,3123,4852.43115234375,277350.0,269131.9,0.49326172,0.48957736519873474
2024,71263,4852.43115234375,30000.0,10624.455,0.14160156,0.09588786934611959
2024,62151,4852.43115234375,35000.0,20400.0,0.0,-0.0220169917132238
2024,13715,19409.724609375,161703.0,131318.03,0.327,0.3324630738972746
2024,12278,9704.8623046875,188163.0,145271.52,0.32975,0.30931688952138847
2024,12343,9704.8623046875,80442.0,62873.04,0.324,0.3308614155586117
2024,18281,9704.8623046875,48030.0,32615.684,0.25585997,0.29282644639528044
2024,36145,24262.15625,78010.0,62598.938,0.2965,0.3140081378692372
2024,29672,4852.43115234375,205090.0,159205.97,0.34769922,0.3775047679465168
2024,17620,24262.15625,50000.0,56763.797,0.339,0.34478329847008216
2024,41353,4852.43115234375,36020.0,21413.602,0.1965,0.19612993895413855
2024,10020,9704.8623046875,55155.0,35486.15,0.22720006,0.19412295984624606
2024,17660,4852.43115234375,15000.0,400.0,0.23719998,0.23093990937747055
2024,23428,9704.8623046875,45500.0,28316.41,0.24660009,0.2507155678386136
2024,32008,14557.29296875,48405.0,28508.215,0.24249999,0.22662916568069302
2024,58059,4852.43115234375,105620.0,74282.73,0.2455,0.2860756979408573
2024,13084,9704.8623046875,164000.0,134800.0,0.32975,0.3257903345088191
2024,35527,9704.8623046875,77000.0,61727.68,0.3503999,0.3377596509463109
2024,39929,14557.29296875,139750.0,128296.89,0.3420371,0.36591442707462063
2024,5453,9704.8623046875,85325.0,54405.273,0.2515,0.22978858590279438
2024,41081,4852.43115234375,48000.0,33400.0,0.1965,0.18967160517725878
2024,11592,4852.43115234375,10004.0,4064.7188,0.16620019,0.174812053332828
2024,6368,4852.43115234375,50025.0,35417.0,0.2874099,0.27604741155446577
2024,70055,9704.8623046875,132000.0,102800.0,0.38950002,0.35384101580597194
2024,71012,9704.8623046875,43182.0,11084.32,0.1895,0.1858065190674334
2024,59928,4852.43115234375,122525.0,107757.0,0.34149998,0.3374009476026548
2024,18288,9704.8623046875,94412.0,73495.07,0.3558601,0.3632151176867209
2024,7959,4852.43115234375,238002.0,203802.05,-0.9435,-0.9026437828953775
2024,49484,9704.8623046875,141653.0,90641.64,0.1965,0.17964631007698217
2024,31121,4852.43115234375,162000.0,132800.0,0.3421753,0.35610454280655535
2024,9128,14557.29296875,283451.0,198940.88,0.370146,0.36901812048568694
2024,34584,9704.8623046875,64050.0,28415.781,0.2504,0.2592980736568522
2024,4635,9704.8623046875,157582.0,80535.766,0.3515,0.3436878944483618
2024,67719,4852.43115234375,35000.0,18450.0,0.2495,0.24321351808250347
2024,16057,14557.29296875,40000.0,25400.0,0.251,0.23131789285421733
2024,48097,4852.43115234375,110021.0,37772.797,0.24400024,0.25357837053039134
2024,18637,9704.8623046875,140778.0,108905.45,0.35998243,0.3642860142449945
2024,35850,9704.8623046875,27531.0,12442.016,0.0,0.024172151533461084
2024,37488,4852.43115234375,39000.0,24400.0,0.1965,0.2053753621383888
2024,12413,4852.43115234375,17000.0,2400.0,0.1765,0.16869553875699428
2024,71242,4852.43115234375,113434.0,65489.617,0.2695,0.2555438713600028
2024,57174,4852.43115234375,40080.0,25454.398,0.2435,0.2607409449043926
2024,69492,4852.43115234375,80000.0,65400.0,0.4025,0.3893680674449602
2024,66666,4852.43115234375,417301.0,361285.9,0.3695,0.3477655802284917
2024,40319,4852.43115234375,67008.0,75139.44,0.2965,0.2891909735322905
2024,68422,14557.29296875,20000.0,5400.0,0.0,-0.04803805295786234
2024,7478,9704.8623046875,100000.0,70800.0,0.28741065,0.30106298959922595
2024,12955,4852.43115234375,63020.0,80244.625,0.3260625,0.34671008262430714
2024,5404,9704.8623046875,107134.0,50443.945,0.287,0.31801107853663246
2024,19375,9704.8623046875,640801.0,545957.6,0.442,0.42073502592984313
2024,26021,4852.43115234375,72000.0,78920.0,0.24399999,0.2315307316124593
2024,16671,4852.43115234375,99511.0,58309.062,0.339,0.3399178854424205
2024,61746,4852.43115234375,129085.0,69166.91,0.23820752,0.23285686584937548
2024,21305,9704.8623046875,40000.0,23450.0,0.24306,0.26406133960520706
2024,17106,9704.8623046875,92107.0,62905.4,0.239,0.19101756387254087
2024,37197,9704.8623046875,23000.0,8400.0,0.0,-0.003235753333647118
2024,10089,19409.724609375,52011.0,35727.125,0.22720006,0.22508363121405373
2024,59630,4852.43115234375,50002.0,35401.48,0.22149806,0.2072438800905151
2024,6815,4852.43115234375,42000.0,27400.0,0.2515,0.24244478892289345
2024,72115,4852.43115234375,106667.0,77178.32,0.38950002,0.38607341154076147
2024,56996,14557.29296875,324056.0,254838.1,0.4015,0.4132113605426805
2024,13049,4852.43115234375,69150.0,48206.95,0.324,0.315985043534854
2024,1002,4852.43115234375,82133.0,64258.977,0.2965,0.26260881242512435
2024,60536,4852.43115234375,214068.0,169525.4,0.342,0.3194914264674601
2024,50613,14557.29296875,79720.0,65113.6,0.2965,0.2679142965590712
2024,51881,4852.43115234375,40000.0,25400.0,0.1965,0.2067037056505927
2024,56922,14557.29296875,71001.0,56360.28,0.3435,0.3595426403170898
2024,6794,4852.43115234375,30000.0,800.0,0.2165,0.21895996566553677
2024,21411,9704.8623046875,53402.0,29919.207,0.24363598,0.24258156984197288
2024,8879,4852.43115234375,245700.0,201862.17,0.38020018,0.36301163179697526
2024,64376,4852.43115234375,53398.0,47302.54,0.37357518,0.3995273455049193
2024,42389,9704.8623046875,60382.0,31059.762,0.23667505,0.20692117532617782
2024,19608,4852.43115234375,210990.0,157492.14,0.3535,0.3560487738326774
2024,6288,4852.43115234375,178001.0,117388.86,-1.9816387,-1.9499877325510924
2024,18599,9704.8623046875,96531.0,61015.938,0.2599824,0.27847188077977436
2024,19367,4852.43115234375,125000.0,90133.71,0.3645,0.39025508621053595
2024,51921,9704.8623046875,70000.0,55400.0,0.2965,0.2818724588086915
2024,44603,4852.43115234375,192280.0,142526.4,0.3355,0.3342808902373806
2024,66071,14557.29296875,211412.0,94813.85,0.36006835,0.38037627648674177
2024,33006,4852.43115234375,26426.0,8834.68,0.24966998,0.273574318127222
2024,9042,14557.29296875,409524.0,399432.66,0.4071992,0.4121547109999132
2024,50965,14557.29296875,23000.0,1100.0,0.13709961,0.10033292001992755
2024,55361,4852.43115234375,99737.0,57878.93,0.25344995,0.2582791780830458
2024,38273,4852.43115234375,70427.0,35435.31,0.19650048,0.22613455582241193
2024,56908,4852.43115234375,36000.0,21400.0,0.2435,0.24813336271238307
2024,34520,9704.8623046875,36000.0,19450.0,0.2504,0.25549346287153774
2024,36027,4852.43115234375,44500.0,28460.0,0.1965,0.24888781986992514
2024,29172,4852.43115234375,428699.0,403626.72,0.484,0.4846998962580198
2024,3490,4852.43115234375,30000.0,15400.0,0.2465,0.2508377107889419
2024,8500,4852.43115234375,132755.0,100498.92,0.35285497,0.34149271074428345
2024,4100,4852.43115234375,100000.0,78100.0,0.334,0.30249227716331606
2024,44398,4852.43115234375,56000.0,23600.0,0.23791882,0.21615039868957198
2024,18768,14557.29296875,35000.0,20400.0,0.25,0.25502475527794
2024,35181,14557.29296875,22250.0,7570.0,0.0,0.027284026784546445
2024,67527,9704.8623046875,131375.0,102139.47,0.38950002,0.3489331971406887
2024,15592,9704.8623046875,189467.0,148359.47,0.3465,0.34553184148032445
2024,28311,4852.43115234375,40029.0,25423.238,0.254,0.2537401815775092
2024,53941,4852.43115234375,74079.0,59224.723,0.34453124,0.3449264499100734
2024,14649,9704.8623046875,46611.0,23515.617,0.50714356,0.5046968200406412
2024,6911,4852.43115234375,60050.0,45434.0,-0.9034999,-0.8966424727595945
2024,17549,4852.43115234375,50615.0,35914.2,0.23900025,0.24983628832519222
2024,11076,4852.43115234375,46005.0,31403.398,0.22719994,0.2376933343033829
2024,68898,9704.8623046875,45022.0,30414.96,0.25409925,0.2547097670708307
2024,59917,4852.43115234375,48000.0,26100.0,0.4320996,0.4397626877574634
2024,43922,4852.43115234375,124818.0,79713.875,0.2435,0.2568622710661419
2024,65070,14557.29296875,25001.0,6907.589,0.24322398,0.24120768780432922
2024,59706,9704.8623046875,70001.0,53784.953,0.3215,0.32581129874223713
2024,12489,9704.8623046875,36016.0,21410.879,0.22399999,0.19426703845323345
2024,66451,4852.43115234375,130057.0,76365.96,0.2695,0.3163439348171535
2024,36947,4852.43115234375,32000.0,17400.0,0.1965,0.17427246996150714
2024,59893,4852.43115234375,40027.0,9268.359,0.2015,0.17623351376194163
2024,66700,29114.5859375,40000.0,25400.0,0.0,0.05051424911592761
2024,19015,4852.43115234375,40000.0,18100.0,0.5806001,0.5841778141538834
2024,8599,4852.43115234375,310622.0,252434.9,0.32847363,0.334680572485621
2024,14575,19409.724609375,112181.0,76563.086,0.2465,0.2725529554148177
2024,29148,9704.8623046875,25000.0,10400.0,0.0,0.019257574594573335
2024,60840,4852.43115234375,67776.0,68251.28,0.355,0.37266173605156494
2024,64187,4852.43115234375,36047.0,22826.193,0.4006584,0.3738195852376789
2024,1238,9704.8623046875,79500.0,62561.594,0.2965,0.27984974158929266
2024,35318,4852.43115234375,30016.0,15410.881,0.2504,0.2261882714247324
2024,28675,4852.43115234375,20001.0,5400.6797,0.2265,0.21241805121999535
2024,14191,14557.29296875,33065.0,18464.36,0.227,0.2485138668646204
2024,9049,4852.43115234375,342509.0,282808.3,0.39047462,0.39841515195754307
2024,20100,14557.29296875,75135.0,57260.336,0.3535,0.3455419104711237
2024,69694,4852.43115234375,110000.0,95400.0,0.4025,0.42047950275739976
2024,19264,4852.43115234375,155002.0,101329.81,0.3644995,0.3530701769462822
2024,35752,9704.8623046875,110578.0,89263.78,0.1965,0.20131306650841063
2024,50462,14557.29296875,108989.0,61046.53,0.1965,0.20399404988548786
2024,23034,4852.43115234375,55000.0,22901.125,0.19052246,0.17600615468649516
2024,71380,9704.8623046875,165061.0,103694.78,0.38950002,0.3826816591214991
2024,70853,4852.43115234375,173116.0,134546.28,0.42947462,0.4345999406833374
2024,15724,4852.43115234375,318564.0,274599.44,0.3135,0.293311843239213
2024,34682,4852.43115234375,247000.0,220937.77,0.39740038,0.4134684770235917
2024,18150,4852.43115234375,25600.0,8800.08,0.27871445,0.2675218288243595
2024,17301,4852.43115234375,75075.0,60451.0,0.339,0.329125965386583
2024,4795,9704.8623046875,202318.0,146779.67,0.3565,0.3614606386851972
2024,41216,9704.8623046875,125000.0,92800.0,0.1965,0.1899220265277215
2024,34898,14557.29296875,32072.0,17468.16,0.2504,0.2734830000852011
2024,5668,4852.43115234375,122226.0,91945.46,-0.59984034,-0.6372279730150605
2024,16982,4852.43115234375,178000.0,148800.0,0.339,0.34204844325996075
2024,67657,4852.43115234375,277000.0,257775.0,0.5187246,0.5249730469682068
2024,15158,9704.8623046875,32000.0,17400.0,0.24599999,0.2259645996695706
2024,10343,14557.29296875,65154.0,49535.28,0.0,0.01745446697185349
2024,34327,9704.8623046875,346508.0,241392.89,0.2782646,0.30323583277322996
2024,72035,14557.29296875,35000.0,5800.0,0.1895,0.22043533381011537
2024,15268,4852.43115234375,63000.0,33800.0,0.24599999,0.2344897327046288
2024,48849,4852.43115234375,26092.0,11462.561,0.19375122,0.21915112736975895
2024,55495,4852.43115234375,26000.0,11400.0,0.24944997,0.21579052838883894
2024,15071,9704.8623046875,125105.0,98339.94,0.3465,0.37964354637503606
2024,51821,4852.43115234375,47000.0,32400.0,0.1965,0.16168947207053097
2024,23627,4852.43115234375,40000.0,25400.0,0.24659997,0.24261495599845528
2024,43699,4852.43115234375,28000.0,13400.0,0.2435,0.2453268715926843
2024,43932,4852.43115234375,15002.0,401.36035,0.1765,0.18764241599772447
2024,36728,9704.8623046875,33545.0,18945.0,0.19649988,0.188442101231716
2024,7580,9704.8623046875,50005.0,20803.398,0.045409918,0.04630763828917117
2024,62512,4852.43115234375,63001.0,33800.68,0.66090035,0.6514169352671182
2024,19154,9704.8623046875,144000.0,114800.0,0.3645,0.3626826006532444
2024,12479,4852.43115234375,27000.0,1632.4746,0.0765,0.07302337896129563
2024,5050,4852.43115234375,109000.0,79800.0,0.2565,0.26322802147592683
2024,39862,4852.43115234375,107681.0,71021.35,0.2365,0.23758620100728423
2024,49139,4852.43115234375,78000.0,54621.6,0.2965,0.29106562176512907
2024,2778,4852.43115234375,53144.0,23944.0,0.5413403,0.5605366385563475
2024,35404,4852.43115234375,346000.0,278322.28,0.31740037,0.3400237112127269
2024,14497,9704.8623046875,150100.0,61493.65,0.24599999,0.23185848452875235
2024,45794,4852.43115234375,55000.0,25800.0,0.2315,0.2282102561052035
2024,11810,4852.43115234375,36010.0,23859.3,0.2985,0.3017192000235077
2024,49860,4852.43115234375,32000.0,2800.0,0.1765,0.17612036673118747
2024,25945,4852.43115234375,96015.0,64871.33,0.24399999,0.23740203850717578
2024,69327,4852.43115234375,450027.0,421380.1,0.4495,0.4568785127944054
2024,9919,9704.8623046875,33000.0,18400.0,0.22720006,0.2420915315809844
2024,20392,9704.8623046875,89606.0,67622.086,0.3535,0.3503268980453843
2024,8805,4852.43115234375,161000.0,107874.27,0.38927037,0.4040271898311374
2024,68563,9704.8623046875,397217.0,339840.2,0.3695,0.36303200609840525
2024,65493,4852.43115234375,78001.0,44746.18,0.2495,0.2807744467132197
2024,16025,4852.43115234375,135000.0,113100.0,0.3665,0.3499892773873192
2024,47913,4852.43115234375,41000.0,26400.0,0.24399999,0.235014890642671
2024,60738,4852.43115234375,241035.0,176020.7,0.342,0.33777481077375615
2024,37969,4852.43115234375,78680.0,49480.0,0.1965,0.1765157237552949
2024,36416,9704.8623046875,70788.0,43372.15,0.1965,0.16233853249682517
2024,15265,14557.29296875,60000.0,20800.0,0.234,0.21432638060180287
2024,7740,4852.43115234375,54065.0,21104.805,-0.6372803,-0.5636371445719144
2024,66757,4852.43115234375,168522.0,112801.36,0.38950002,0.40872049964500445
2024,67070,4852.43115234375,62000.0,32800.0,0.24793994,0.2595961965805532
2024,43874,4852.43115234375,47000.0,29656.41,0.24702501,0.24653370504829197
2024,20244,4852.43115234375,100612.0,71216.16,0.2534995,0.243775906904115
2024,20889,9704.8623046875,51725.0,32695.254,0.24306005,0.2566698260316288
2024,51710,9704.8623046875,34000.0,19400.0,0.1965,0.19273955371623996
2024,66741,9704.8623046875,185807.0,166909.45,0.3605,0.3724633460247587
2024,66068,4852.43115234375,115000.0,100400.0,0.42000002,0.42879958949804164
2024,57389,9704.8623046875,42100.0,22946.494,0.0,0.0345553701342618
2024,45263,9704.8623046875,53000.0,23800.0,0.39530006,0.40909717135963275
2024,7249,9704.8623046875,51000.0,30393.098,0.3435,0.36531389680150617
2024,11084,14557.29296875,321046.0,222188.05,0.3854995,0.40030994415713006
2024,66904,4852.43115234375,49095.0,34495.0,0.2695,0.25000221543940393
2024,40989,4852.43115234375,194524.0,161058.06,0.313,0.32911390212281755
2024,2269,4852.43115234375,64500.0,43249.64,0.3540874,0.3101503101929216
2024,8171,14557.29296875,91621.0,70266.81,0.2565,0.24727368237373204
2024,48173,14557.29296875,52000.0,22800.0,0.236,0.23246146214745023
2024,916,9704.8623046875,312521.0,272196.47,0.2635,0.2791361207596452
2024,11052,9704.8623046875,18000.0,3400.0,0.252445,0.23924173613113364
2024,37570,14557.29296875,193376.0,169060.45,0.3165,0.32626578144884844
2024,49909,4852.43115234375,70001.0,53850.68,0.2965,0.2943508438500386
2024,46961,4852.43115234375,159200.0,118337.36,0.339,0.2953114208575367
2024,14309,9704.8623046875,62501.0,37377.09,0.227,0.22885412842364639
2024,50883,4852.43115234375,215000.0,140909.31,0.30614454,0.2859196382299418
2024,15039,4852.43115234375,60441.0,41256.63,0.24599999,0.25913904091307305
2024,19376,4852.43115234375,74100.0,44868.0,0.25,0.25065574735987917
2024,52888,9704.8623046875,30000.0,15400.0,0.1965,0.16012993368506634
2024,46548,9704.8623046875,34000.0,4800.0,0.2115,0.2237627221521875
2024,63379,4852.43115234375,653775.0,610463.2,0.39930078,0.37145633455801974
2024,47700,9704.8623046875,15000.0,400.0,0.224,0.2101473981906533
2024,38619,4852.43115234375,22000.0,2214.4023,0.2614996,0.2718115201757628
2024,7767,9704.8623046875,100260.0,65887.26,-0.40850002,-0.430945580234231
2024,23621,4852.43115234375,121200.0,91936.0,0.2548999,0.23656156401768202
2024,16405,4852.43115234375,151200.0,122453.08,0.359,0.3489576091764519
2024,15382,9704.8623046875,80302.0,65564.96,0.346,0.37117575336738506
2024,71452,4852.43115234375,91040.0,56244.266,0.38950002,0.40049768966714405
2024,26250,24262.15625,45501.0,27024.504,0.24399999,0.24866361634933298
2024,66424,4852.43115234375,80026.0,65417.68,0.4025,0.4036108488206044
2024,43488,4852.43115234375,40250.0,24600.562,0.2435,0.23166998857294707
2024,59242,4852.43115234375,40000.0,23661.0,0.2215,0.21803378003607998
2024,34898,14557.29296875,32072.0,17468.16,0.2504,0.2750112678125213
2024,39034,9704.8623046875,112183.0,69600.84,0.1965,0.18882636806415565
2024,34454,9704.8623046875,20025.0,5417.0,0.0,-0.015381743374619727
2024,12905,4852.43115234375,52820.0,38156.0,0.22399974,0.21306345348827982
2024,51512,4852.43115234375,54011.0,17457.727,0.2615,0.24127406986539235
2024,17096,9704.8623046875,30000.0,22710.0,0.377125,0.36400298453940505
2024,3401,4852.43115234375,137600.0,114985.086,0.34649757,0.3389524286938742
2024,45843,9704.8623046875,50001.0,35400.68,0.239,0.24033369541173755
2024,11978,14557.29296875,34201.0,19600.68,0.22399999,0.2555627778990023
2024,69578,9704.8623046875,160000.0,145400.0,0.4225,0.41626397240249824
2024,70334,4852.43115234375,232001.0,199650.69,0.4025,0.3993896308087006
2024,67990,4852.43115234375,35002.0,2662.9512,0.21594983,0.21060843546485064
2024,23962,4852.43115234375,47200.0,32334.035,0.25490004,0.2783071218730656
2024,2719,4852.43115234375,276900.0,241815.4,0.3935,0.4096719710804786
2024,68792,4852.43115234375,74000.0,44800.0,0.2095,0.18841067138904055
2024,29224,4852.43115234375,120003.0,105402.04,0.37399998,0.37461868549799904
2024,71077,4852.43115234375,47000.0,47450.0,0.3695,0.3586658552247275
2024,70914,4852.43115234375,69500.0,52316.406,0.38950002,0.3890676597049525
2024,63617,14557.29296875,24000.0,4065.0,0.23230001,0.2317287359585305
2024,17772,14557.29296875,170841.0,137980.62,0.339,0.323311563376681
2024,25880,4852.43115234375,100015.0,71723.7,0.34399998,0.35240875772257374
2024,63473,4852.43115234375,253010.0,195410.89,0.24030077,0.2384730073790463
2024,18960,9704.8623046875,15600.0,1000.0,0.30649987,0.3144684039344686
2024,11531,14557.29296875,279890.0,195982.03,0.3274995,0.3347649504907285
2024,38035,9704.8623046875,55000.0,38450.0,0.1965,0.20268655866185603
2024,69306,9704.8623046875,90110.0,52893.2,0.37853858,0.37507781889672764
2024,50111,4852.43115234375,23000.0,8400.0,0.0,0.011897375366132779
2024,38674,19409.724609375,45000.0,45535.0,0.1965,0.1708748703936286
2024,7947,24262.15625,251441.0,197767.97,-0.29450002,-0.26586961982326707
2024,41543,14557.29296875,473000.0,368951.6,0.2635,0.26693272468070395
2024,72268,4852.43115234375,65000.0,50400.0,0.0,0.010933071212817502
2024,10051,9704.8623046875,76500.0,58564.875,0.3272002,0.30241644638248333
2024,35738,9704.8623046875,105302.0,95795.36,0.3465,0.34328092295075785
2024,65494,4852.43115234375,130858.0,123310.44,0.3695,0.35302399720528466
2024,52629,4852.43115234375,80000.0,65400.0,0.0,0.036457815310519615
2024,50181,4852.43115234375,74004.0,58762.72,0.2964995,0.291787027483718
2024,50434,4852.43115234375,50000.0,20800.0,0.1765,0.15797949668758704
2024,21816,4852.43115234375,165023.0,135815.64,0.31599998,0.3145914802728227
2024,17715,14557.29296875,35000.0,20400.0,0.239,0.21845680823130798
2024,59977,4852.43115234375,50001.0,35400.68,0.2215,0.2315028869564948
2024,60025,4852.43115234375,95001.0,79400.68,0.3215,0.2971678081784096
2024,64741,9704.8623046875,70000.0,55400.0,0.37175,0.3345851810550924
2024,67915,4852.43115234375,76040.0,44083.61,0.2495,0.2562770110849397
2024,35373,9704.8623046875,36000.0,12624.0,0.2985,0.3062696540700468
2024,34870,9704.8623046875,101000.0,71800.0,0.2504004,0.22266315434809314
2024,59399,4852.43115234375,67501.0,40075.203,0.2215,0.19014248785912702
2024,46647,4852.43115234375,40000.0,10800.0,0.37929004,0.3873508566827013
2024,50420,14557.29296875,218881.0,170666.06,0.2965,0.3038513241716768
2024,59278,9704.8623046875,30000.0,15400.0,0.2215,0.22696494071529405
2024,66298,9704.8623046875,140750.0,96086.41,0.38950026,0.40967891288580804
2024,20123,9704.8623046875,89641.0,68309.69,0.3535,0.3681785197580937
2024,24566,4852.43115234375,82065.0,48744.203,0.2522998,0.27083605603611227
2024,7780,4852.43115234375,50001.0,35400.68,0.2515,0.26573040948013504
2024,39115,14557.29296875,40000.0,10800.0,0.1765,0.17721372845229177
2024,4743,9704.8623046875,26177.0,13013.795,0.3035,0.29940976940499386
2024,32518,4852.43115234375,136892.0,93902.77,0.32451075,0.29781299967200614
2024,37197,9704.8623046875,23000.0,8400.0,0.0,0.02464995413638349
2024,17419,9704.8623046875,176250.0,145364.83,0.359,0.34303051760945413
2024,39854,4852.43115234375,53860.0,36561.21,0.2365,0.24057363068395765
2024,3956,9704.8623046875,145146.0,113482.3,0.34399998,0.34481068538255344
2024,4832,4852.43115234375,30000.0,15400.0,0.278,0.265716179606722
2024,61199,9704.8623046875,87879.0,57808.61,0.255,0.2756199582259823
2024,22098,4852.43115234375,118311.0,80068.84,0.1965,0.1887815110478026
2024,9359,9704.8623046875,35000.0,20400.0,0.21434997,0.21107384384192085
2024,35991,4852.43115234375,45501.0,28159.531,0.2985,0.289810256212119
2024,56843,9704.8623046875,64013.0,46208.84,0.24938428,0.24393825927557455
2024,13879,9704.8623046875,212450.0,159588.72,0.327,0.2843953851409753
2024,42374,4852.43115234375,282823.0,231361.06,0.35922462,0.3693598096319304
2024,7317,9704.8623046875,247633.0,184489.23,0.4141211,0.4218471941052634
2024,5688,9704.8623046875,85100.0,33659.0,-0.40350002,-0.38180506246072277
2024,36504,4852.43115234375,124000.0,54800.0,0.1965,0.2075810311274211
2024,37041,4852.43115234375,1.125053e+06,1.1009538e+06,0.3935,0.4030877611730599
2024,44593,4852.43115234375,74015.0,62665.0,0.2355,0.21243377111254014
2024,51711,9704.8623046875,60000.0,45400.0,0.1965,0.16745290799879486
2024,71562,14557.29296875,21686.0,7900.2793,0.23950002,0.2502743090995173
2024,35620,9704.8623046875,30000.0,800.0,0.0,0.020593878352512474
2024,19247,4852.43115234375,55010.0,40406.8,0.2645,0.2557805886174629
2024,59257,4852.43115234375,115558.0,96755.84,0.3215,0.3308027242168038
2024,16654,4852.43115234375,38250.0,7500.0,0.23768067,0.2255223308295401
2024,31057,9704.8623046875,43000.0,28400.0,0.24249999,0.23864738843121736
2024,6973,14557.29296875,127001.0,104993.5,0.42433888,0.4457446194715504
2024,3486,4852.43115234375,45500.0,30804.0,0.0,-0.039445741301272985
2024,70863,4852.43115234375,43690.0,29086.8,0.2495,0.2150370300640978
2024,62561,14557.29296875,23000.0,8400.0,0.0,0.015202967345862572
2024,50110,4852.43115234375,30000.0,15400.0,0.1965,0.20425033750709354
2024,28245,4852.43115234375,68402.0,39201.36,0.254,0.24864952241632832
2024,11754,14557.29296875,260543.0,212550.69,0.3895,0.38437397470937174
2024,10834,4852.43115234375,30000.0,15400.0,0.0,-0.01659987880721303
2024,15630,9704.8623046875,21003.0,6402.039,0.0,-0.051539324005232645
2024,37583,4852.43115234375,70135.0,36917.45,0.1965,0.20004658050934698
2024,51080,19409.724609375,40100.0,1202.4297,0.0765,0.09474798904907944
2024,47928,4852.43115234375,44045.0,29430.602,0.24399999,0.26962474428878647
2024,17041,9704.8623046875,98030.0,65928.805,0.239,0.25277962445783686
2024,70391,4852.43115234375,154000.0,117104.45,0.39715138,0.3976504080644605
2024,52375,4852.43115234375,78905.0,25502.918,0.19650048,0.15963145962528125
2024,37920,4852.43115234375,175015.0,145810.2,0.2965,0.3055448091007533
2024,41349,4852.43115234375,75225.0,41972.13,0.1965,0.19199206435604965
2024,28794,4852.43115234375,90701.0,61276.8,0.254,0.2543062322467682
2024,15544,9704.8623046875,140101.0,116620.984,0.3465,0.326793373827309
2024,21255,9704.8623046875,105154.0,62465.066,0.24363622,0.19431268446606131
2024,54555,4852.43115234375,50000.0,35400.0,0.25344995,0.263292461786365
2024,2633,4852.43115234375,116011.0,108017.484,0.3465,0.3544475336405749
2024,8898,4852.43115234375,113800.0,82927.484,0.25285497,0.23309466301234194
2024,5437,19409.724609375,100100.0,72605.086,0.3515,0.34035010110698016
2024,5044,4852.43115234375,15000.0,400.0,0.18650001,0.14806213652483968
2024,63754,4852.43115234375,382364.0,292189.88,0.3222998,0.31233406822970033
2024,50478,9704.8623046875,25000.0,10400.0,0.1765,0.18386376758933143
2024,33105,4852.43115234375,118014.0,78689.73,0.3585,0.3489570933452939
2024,7975,4852.43115234375,113406.0,98356.08,0.36786035,0.3500938445201799
2024,34420,9704.8623046875,57000.0,42400.0,0.2503999,0.2348652703940184
2024,33075,4852.43115234375,69000.0,51656.406,0.3585,0.35031279181713604
2024,11748,4852.43115234375,116520.0,81178.55,0.22974999,0.20893350096324936
2024,30142,9704.8623046875,47000.0,32400.0,0.0,-0.02966385000994598
2024,26491,4852.43115234375,38000.0,23400.0,0.24399999,0.2174205847043681
2024,41595,4852.43115234375,158004.0,119640.25,0.3336748,0.32278039214737886
2024,44181,4852.43115234375,15000.0,400.0,0.253,0.2561144405650626
2024,5411,9704.8623046875,40060.0,25440.8,0.2825,0.27986351977139134
2024,24438,9704.8623046875,69000.0,54400.0,0.3522998,0.3324657869027313
2024,42685,4852.43115234375,130711.0,151959.69,0.3316748,0.3451858411933675
2024,34925,4852.43115234375,152885.0,123625.8,0.4004004,0.3948484445299597
2024,63802,4852.43115234375,153600.0,108164.0,0.3022998,0.3091269892523064
2024,47768,9704.8623046875,61000.0,39213.156,0.24400012,0.24345666454533899
2024,11129,4852.43115234375,80000.0,50800.0,0.22719994,0.20210126313157784
2024,6604,14557.29296875,1.2649e+06,1.1848102e+06,0.5007578,0.49836698903296417
2024,45316,4852.43115234375,173800.0,131095.97,0.33549803,0.3347261575617466
2024,3571,9704.8623046875,333901.0,282417.3,0.4235,0.44276952489702015
2024,39455,4852.43115234375,253610.0,221143.34,0.3655,0.3535514139853404
2024,69547,4852.43115234375,60010.0,30806.8,0.2095,0.19664015248401057
2024,38959,9704.8623046875,130200.0,100936.0,0.2965,0.2574061271784841
2024,45499,9704.8623046875,35030.0,20258.828,0.2355,0.23129997240601996
2024,32120,14557.29296875,35005.0,12053.176,0.38230005,0.3784368818189201
2024,37393,4852.43115234375,45002.0,14251.359,0.1765,0.14337527680059436
2024,69633,4852.43115234375,100004.0,69252.72,0.2695,0.27123828035434294
2024,25923,9704.8623046875,87000.0,57800.0,0.24399999,0.23870801529231134
2024,70788,9704.8623046875,39010.0,23356.578,0.2495,0.23800726956535723
2024,67393,19409.724609375,45004.0,30402.719,0.0,-0.004676127197790203
2024,12937,4852.43115234375,195021.0,179637.92,0.3515,0.3586975987779283
2024,6541,14557.29296875,30001.0,800.0,0.24556994,0.24190036562165096
2024,8134,4852.43115234375,143640.0,117558.3,-0.94787496,-1.0008655066624845
2024,2939,14557.29296875,183800.0,141744.95,0.3465,0.3630573687105638
2024,7808,9704.8623046875,43173.0,41414.29,0.3435,0.3413140220263021
2024,49416,4852.43115234375,29515.0,14910.199,0.1965,0.2104413166887783
2024,6655,9704.8623046875,23001.0,8400.68,0.26683986,0.24460536109082898
2024,19060,9704.8623046875,130030.0,105726.03,0.39499998,0.4176050551779156
2024,63087,4852.43115234375,45035.0,26632.777,0.20230004,0.21336885723371468
2024,3311,9704.8623046875,20000.0,5400.0,0.222675,0.21530988715915056
2024,60445,9704.8623046875,100751.0,78610.68,0.355,0.32925543395876933
2024,17152,9704.8623046875,135208.0,91649.21,0.239,0.24024983406131317
2024,8990,4852.43115234375,79700.0,50372.0,0.22148998,0.23222103017307827
2024,50157,4852.43115234375,20005.0,5403.08,0.1765,0.13684651868801578
2024,43096,4852.43115234375,28000.0,13400.0,0.2435,0.2703958014888699
2024,65506,4852.43115234375,100200.0,70936.0,0.2695,0.308571976099167
2024,52197,4852.43115234375,70000.0,48100.0,0.1965,0.18761241941440343
2024,59698,4852.43115234375,41100.0,26308.0,0.2215,0.23121014475110757
2024,17175,4852.43115234375,46000.0,29450.0,0.271,0.2893764147549518
2024,12000,4852.43115234375,146470.0,116363.59,0.32975,0.3177748835398575
2024,53122,9704.8623046875,103066.0,73844.88,0.1965,0.19158770144382364
2024,59851,9704.8623046875,1.25105e+06,1.221514e+06,0.4185,0.42664274991713613
2024,72298,4852.43115234375,97863.0,72972.48,0.4025,0.42132175327405985
2024,28427,4852.43115234375,126500.0,95120.34,0.354,0.3397549989818366
2024,24197,9704.8623046875,30929.0,27688.969,0.3135,0.30224972020600727
2024,57240,4852.43115234375,35000.0,20400.0,0.0,0.002476325429484616
2024,20361,9704.8623046875,40677.0,22952.047,0.24469995,0.20901341678890617
2024,68962,4852.43115234375,63000.0,48400.0,0.38950002,0.40561566516973335
2024,63959,4852.43115234375,97000.0,63346.25,0.2805,0.30742370564664656
2024,29255,14557.29296875,46000.0,29450.0,0.254,0.2667931286924129
2024,53129,14557.29296875,32000.0,17400.0,0.1965,0.19741519084163672
2024,53596,4852.43115234375,30000.0,15400.0,0.2435,0.23888380989737779
2024,8261,4852.43115234375,30000.0,10624.455,-0.2739361,-0.26627617173517115
2024,67204,4852.43115234375,190503.0,161302.03,0.4025,0.39721799566084337
2024,35040,19409.724609375,33442.0,11541.359,0.10040002,0.12811136774316545
2024,61574,9704.8623046875,72675.0,58149.1,0.29850096,0.27271846884715856
2024,19116,4852.43115234375,105802.0,76345.36,0.3845,0.3857628307012213
2024,66697,29114.5859375,75000.0,33927.125,0.2675051,0.24675633971795397
2024,26035,9704.8623046875,70160.0,53085.21,0.34399998,0.3383551376882421
2024,2386,4852.43115234375,111086.0,73579.08,0.24650049,0.23784709715024122
2024,67394,19409.724609375,40004.0,18102.719,0.0,-0.014346113769476032
2024,7643,4852.43115234375,112304.0,73542.734,0.28741065,0.27939000523644375
2024,19071,14557.29296875,62010.0,21501.312,0.26566967,0.25377512809730507
2024,70109,4852.43115234375,241540.0,192538.47,0.4025,0.382312268330821
2024,70132,9704.8623046875,17001.0,2610.7998,0.19884765,0.19490188166124023
2024,38881,9704.8623046875,133227.0,98147.17,0.2965,0.28391919510962926
2024,43628,4852.43115234375,264074.0,181942.31,0.3635,0.36492631778932805
2024,31607,4852.43115234375,40000.0,6379.2715,0.18393415,0.1540180886300514
2024,17702,9704.8623046875,40000.0,30800.0,0.239,0.2517601368843976
2024,19507,4852.43115234375,210062.0,183813.11,0.37314552,0.3442773341319806
2024,48893,9704.8623046875,15000.0,400.0,0.1765,0.17732629978353176
2024,53237,4852.43115234375,196025.0,164878.12,0.2965,0.32121899817025745
2024,59085,9704.8623046875,32000.0,17400.0,0.0,-0.0032077442084650354
2024,58964,4852.43115234375,66341.0,35921.848,0.22149938,0.23464215797595933
2024,7632,4852.43115234375,41600.0,19700.0,0.20229176,0.18534961432578956
2024,34540,4852.43115234375,85064.0,55906.242,0.2985,0.3098525309471527
2024,5918,4852.43115234375,55000.0,40400.0,0.2515,0.2598028245519155
2024,37612,4852.43115234375,23000.0,8400.0,0.1765,0.2144963719137869
2024,31196,4852.43115234375,32060.0,17053.025,0.24249999,0.2510173118543043
2024,66110,4852.43115234375,51800.0,13877.637,0.23404834,0.27908442012650947
2024,20988,9704.8623046875,71000.0,41800.0,0.24363598,0.27300096131312324
2024,8932,14557.29296875,68030.0,72911.52,0.33343944,0.3206466970420333
2024,10211,4852.43115234375,41002.0,23977.77,0.22719994,0.21186814807068832
2024,55474,4852.43115234375,94000.0,71252.23,0.48266697,0.4771350200863179
2024,41977,4852.43115234375,25080.0,185.80078,0.267175,0.2846781504669613
2024,8156,4852.43115234375,169675.0,138804.84,-0.30850002,-0.30694022415260225
2024,7243,9704.8623046875,121202.0,95053.36,0.3422363,0.34229551826146376
2024,50368,19409.724609375,40130.0,25488.398,0.1965,0.21943496303482313
2024,6719,9704.8623046875,27500.0,8765.75,0.29966322,0.27284014269170653
2024,61133,4852.43115234375,145883.0,129094.36,0.405,0.3918050263561852
2024,50594,4852.43115234375,319700.0,238016.4,0.33449998,0.33816611142921393
2024,7089,9704.8623046875,68401.0,50279.652,0.387979,0.3875675248975615
2024,7282,4852.43115234375,129526.0,98041.28,-0.44621485,-0.45376873142671736
2024,72094,4852.43115234375,163104.0,125824.72,0.4025,0.43223315162930975
2024,24424,4852.43115234375,141201.0,69371.46,0.25878882,0.263354967418411
2024,24051,4852.43115234375,58441.0,25868.422,0.49870214,0.5071766505048426
2024,60172,4852.43115234375,30000.0,15400.0,0.2215,0.24075196384416675
2024,69940,19409.724609375,220000.0,190800.0,0.4025,0.4066842492451198
2024,72073,4852.43115234375,40000.0,25400.0,0.2495,0.21500153218109996
2024,53309,9704.8623046875,234500.0,211439.12,0.3725,0.36236581654297795
2024,24633,4852.43115234375,108000.0,78800.0,0.25230005,0.26290091921912395
2024,7205,14557.29296875,25000.0,3100.0,0.039440177,0.025591270402873345
2024,57263,9704.8623046875,120000.0,89321.36,0.3435,0.32012663556397314
