year,household_id,broad_income,taxable_income,mtr,mtr_prime
2023,44328,47000,47000.0,0.62829685,0.401761592381189
2023,38756,0,10224.0,0.35750002,-0.0034566075292796167
2023,8051,35000,58579.0,0.5622188,0.016192213452517312
2023,15307,8200,34046.0,0.0765,0.40207576882154705
2023,47057,0,3.4000000953674316,0.06387752,0.35814618804326304
2023,89467,130000,130006.80000019072,0.3757031,0.31184577003073827
2023,44437,100000,102361.60000610352,0.1965,0.15598034041484543
2023,7501,0,0.0,0.0765,0.15090462299719432
2023,23485,177600,266853.60009765625,0.0,-0.011736859648373803
2023,15356,125000,194026.796875,0.334,0.37356401539476386
2023,40680,8714,34802.0,0.27749997,-0.011585442320311556
2023,20000,129000,129002.03999996184,0.24599999,0.0648567547302321
2023,75571,0,17072.0,0.0,0.3100490768163115
2023,11230,109000,145036.7200012207,0.35285157,0.8281679810089517
2023,39825,22000,22000.0,0.2123906,0.2700772299493507
2023,75485,140000,141840.75997924805,0.356,0.05578658084246201
2023,73922,97000,101656.67999267578,0.22149998,0.3463666938582471
2023,16433,0,32650.999755859375,0.0,0.007856183314881847
2023,4050,300000,306000.0,0.37550002,0.3317993938204353
2023,15972,0,33859.319580078125,0.0,0.21919237933322538
2023,24669,302,40657.640058517456,0.17650002,0.29114119108964653
2023,58843,70000,320551.0,0.0,0.2876056168065317
2023,16311,0,34555.079999923706,0.0765,0.4268288243951522
2023,60537,84000,84036.04000031948,0.1965,0.04088129391415211
2023,87056,45000,45000.0,0.1965,-0.013609568113129567
2023,40187,0,27210.800000190735,0.0,0.30059726871079473
2023,40262,0,36057.47998046875,0.069839835,0.22572513243105008
2023,26632,113000,197800.0,0.31599998,0.0093924504586418
2023,42731,260000,267103.56005859375,0.374,0.23948400461863753
2023,59623,87000,87680.0,0.24400002,0.17928581081907188
2023,23400,34000,34000.0,0.6515,0.38687920301854484
2023,3095,253000,404734.0800294876,0.39249998,0.12280695318221196
2023,56763,140000,140013.60000038147,0.339,0.3173617633360194
2023,77692,46800,46870.36000061035,0.1965,-0.0264427732238975
2023,81016,230000,236825.59980487823,0.38950002,0.38456364521392616
2023,70680,126800,126868.0,0.24049997,0.3334789311620709
2023,81362,150000,152044.0799560547,0.4095,0.25972156174172656
2023,16146,0,32904.0,0.0,0.2325082287831936
2023,52308,28000,28000.0,0.24299997,0.36379536355949116
2023,71172,35000,42669.360000014305,0.48739845,0.3689293615165401
2023,84054,9000,11000.0,0.38653713,0.2929616768976514
2023,18924,0,3600.0,0.35750002,0.5807842055992378
2023,83219,30000,30000.0,0.24425,0.25160876480690164
2023,32255,114000,229166.67999267575,0.34899998,-0.00752759238973222
2023,13513,60000,60000.0,0.32719922,-0.036963049759185684
2023,80318,55000,57040.0,0.2565,0.3460039172014787
2023,12410,19277,19277.0,0.20719922,-0.011515969273994689
2023,82317,97000,109012.0,0.925,0.39042807806681934
2023,63101,0,79295.3600000143,0.0,0.08509045580870006
2023,60625,74000,76706.60009765625,0.29650003,0.323923967028865
2023,56471,103000,103000.0,0.2435,0.2721020978043584
2023,10544,25000,25000.0,0.19434959,-0.009627057010407914
2023,25872,80000,80000.0,0.27985156,0.24707694856183957
2023,24594,0,40091.47998046875,0.0,0.5530419129430676
2023,48444,3000,3000.0,0.0765,0.3937749589753321
2023,79191,8640,26959.960000038147,0.8633594,0.023282002977904965
2023,55681,49340,122540.0,0.2435,-0.020980438080565964
2023,12183,36000,36000.0,0.2271992,0.3741915780014857
2023,43061,0,40008.0,0.0,0.26278155765169675
2023,61944,164000,164000.0,0.29650003,0.34738864200633657
2023,12373,37000,37000.0,0.2271992,0.3520206664652142
2023,22528,0,680.0,0.0,0.24985849745001223
2023,82045,55000,61800.0,0.1965,0.26684161897412906
2023,77492,0,26691.20000076294,0.7958594,-0.02990516560201677
2023,9788,211000,211306.0,0.35149997,0.37481314126832055
2023,3983,170000,190400.0,0.34649998,0.5079059778260869
2023,2837,30000,30102.0,0.6502012,0.06827788149723482
2023,55547,87300,87980.67999267578,0.2435,0.3928774121270186
2023,12000,0,0.6800000071525574,0.17354983,0.10554088012219305
2023,46659,0,45352.39999389648,0.0,0.06037200470436042
2023,19358,72100,72100.0,0.32276565,0.37323798557380655
2023,17214,208000,214665.359954834,0.26599997,0.2929508860282569
2023,3292,285000,285638.35998535156,0.37550002,-0.0008956509777487883
2023,6499,0,2160.0,0.0765,0.3031160899648387
2023,8670,64500,76260.0,0.3879844,0.1985063709672449
2023,20648,55650,55650.0,0.2561953,0.28454756117886915
2023,17918,67045,67725.0,0.95965624,0.0021761767059542835
2023,74044,120000,120000.0,0.2945,-0.007475183761646697
2023,3525,0,31414.35986328125,0.0,0.28255571479836683
2023,6416,50000,50306.0,0.24467576,0.31831074804791104
2023,39825,22000,22000.0,0.2123906,0.3738831837305759
2023,80323,45000,45000.0,0.1965,0.2729278128572822
2023,5346,120800,120855.75999963284,0.2653672,0.36225984635016634
2023,46343,260000,260342.04000854492,0.3735,0.38354323596009
2023,9270,0,51852.0,0.0,0.34378768233901674
2023,4980,265000,265487.19999694824,0.37550002,0.06395607247987511
2023,7123,49500,50928.0,0.23150003,-0.01536491653987002
2023,7196,0,12890.359985351562,0.2995,0.37221880015283854
2023,25313,30000,30000.0,0.2445156,-0.01324400509417597
2023,56218,28000,28000.680000007153,0.26849997,0.2473316767679279
2023,84185,40000,40078.0,0.68564063,0.3704269096466344
2023,19624,0,492.3999938964844,-0.0153000355,0.10071612333281076
2023,49073,12000,12003.400000095367,0.0,-0.01755132734693381
2023,46124,104902,104902.0,0.1965,0.2883084735147738
2023,61938,138000,138136.67999267578,0.3165,-0.009802703828303942
2023,68872,49027,49071.20000076294,0.1965,0.25991215347641505
2023,45819,0,1360.0,0.20340037,0.007403006926614402
2023,48718,40000,150105.0,0.34149998,0.006526381804497234
2023,11800,130000,130010.19999980928,0.36147654,0.3256278478601533
2023,47990,0,36000.0,0.0,-0.005864678334378686
2023,17195,196000,231308.24188232425,0.348,-0.03538426855126036
2023,29285,40000,40067.319999694824,0.24659765,-0.010516133069133977
2023,39898,184000,184920.04000854492,0.34467185,0.2879321642665488
2023,64122,42000,42002.04000002146,0.27749997,0.32344308638927155
2023,6858,0,50155.680000305176,-0.0059530735,0.19246786054620987
2023,63741,141000,141366.60000038147,0.29650003,0.5066012866791525
2023,76603,109000,109000.0,0.1965,0.04715464753026326
2023,60013,106312,106313.3600000143,0.24400002,0.25886441718740366
2023,17767,100000,101700.0,0.22799999,0.0064387597680691
2023,32260,0,29864.799865722656,0.063878894,0.22865445135663928
2023,45203,70000,70034.68000000715,0.1965,0.2505307210480354
2023,11070,0,1383.800048828125,-0.031620026,0.3273996278414002
2023,80431,30000,40607.0,0.18351561,0.29800578242824366
2023,42675,95000,96717.0,0.254,0.06158105281213216
2023,8735,94000,94000.0,0.39297658,0.29169100306018997
2023,25486,108860,108937.51999634504,0.24510938,0.4010386539944365
2023,17543,120000,120004.0799999237,0.22799999,0.2976322071878804
2023,7877,75000,76769.35998535156,0.30683982,0.32528304476797726
2023,38108,0,0.0,0.4195996,0.22507057370073563
2023,36153,105000,106729.92004394533,0.35399997,0.3165639384194032
2023,800,45000,72376.0,0.28441405,0.45535784041649363
2023,46768,0,15180.0,0.0765,-0.022734686369868473
2023,21008,98000,98000.0,0.23699999,0.2315698611112626
2023,62761,51999,66543.0,0.40709376,0.261453750609911
2023,60442,62000,72503.9599609375,0.29650003,0.1911714497563532
2023,47204,60000,62045.43994140625,0.1965,0.3512614178249675
2023,6784,105000,106394.0,0.35149997,0.2717366190514508
2023,47789,42000,42000.0,0.41770315,0.18234256009779082
2023,13128,30000,30000.0,0.36699998,0.37599127363677354
2023,84189,58000,58068.0,0.94039845,0.42511624127648956
2023,79056,700,84847.3203125,0.0,0.3047334323431587
2023,80825,51000,51000.0,0.2565,0.0017140743701506832
2023,86005,71002,100492.2799987793,0.3765,0.20293459465684738
2023,13157,178000,178374.0,0.32720315,0.07303977385868349
2023,48898,134760,138460.5599374771,0.34149998,-0.022985605855845085
2023,40750,0,33912.0,0.0,0.38524833962144067
2023,30817,70000,70170.0,0.3535,0.21093426694238754
2023,82989,47000,75187.0,0.35650003,-0.00805153790514189
2023,76685,23000,23000.0,0.0765,0.020337930434241744
2023,21795,0,20112.0,0.0,-0.030771607910848882
2023,54879,0,74979.0,0.0,0.24018648930519723
2023,22919,0,27136.67999267578,0.0,0.22917857219492083
2023,70573,88000,88241.04000091553,0.24049997,0.25631294631568735
2023,74216,0,31776.0,0.16109377,0.3011158736430256
2023,10916,112400,112400.0,0.21399999,0.2029970731940707
2023,8971,52400,73400.0,0.38740623,0.21604557513229286
2023,21200,202000,202015.6400000453,0.337,0.2831738751266075
2023,78855,177472,185964.95999145508,0.3861875,-0.033011415327106906
2023,46659,0,45352.39999389648,0.0,0.08954853770991097
2023,24219,87000,87014.27999973297,0.26450002,0.007424616830829652
2023,10661,206000,210080.0,0.36018747,0.3027623484383649
2023,10074,120000,126937.36010742188,0.35149997,0.30516123241714244
2023,64284,15000,15000.0,0.3765,0.3613040422808197
2023,36616,28000,40659.0,0.0765,0.4129079139889311
2023,82165,25000,25000.0,0.6996367,0.08382681040195555
2023,9745,50000,50340.0,0.829,0.2786412417290588
2023,44245,0,18000.0,0.0765,0.24314436611647902
2023,10745,200000,200119.0,0.31946874,0.011845823022794688
2023,13896,59333,74537.0,0.282,0.04671741113942231
2023,33690,282000,285808.59997558594,0.4105,0.016413840215845743
2023,4885,366000,366183.6000003814,0.376,0.1752325819244317
2023,44996,135000,135000.0,0.29650003,0.336177123199793
2023,13572,110000,111181.83996582033,0.22719532,0.22546489281304521
2023,29412,153700,164760.67992782593,0.36290628,0.27598296922092524
2023,42949,140000,140383.20000076294,0.35399997,0.22058440656896816
2023,7324,190000,192640.0,0.31449997,0.010319523173412459
2023,50204,0,0.0,0.31520116,0.3170515311795803
2023,65438,221000,259892.0400390625,0.29189062,0.3729198360104405
2023,16561,187000,187075.4800001979,0.22337502,0.29036532427964623
2023,17050,125000,127992.0,0.24220312,0.29765660399729443
2023,27925,60000,88823.12000083923,0.29650003,0.20827773851015538
2023,582,134502,239252.24012756348,0.3826406,0.27610477005558204
2023,42567,24000,24401.0,0.23699999,0.411767792652831
2023,39702,21000,21001.360000014305,0.12850392,0.2050288027082762
2023,78247,245000,269684.0,0.3545,0.2034172733211106
2023,59663,0,0.0,0.0,0.3461795926699924
2023,31999,134000,134000.68000000715,0.36900002,0.31682505540317935
2023,11252,90000,224676.04296875,0.36020315,0.23283835526679303
2023,47335,149000,154440.0,0.1965,0.28988360634876914
2023,51011,51204,56004.0,0.17919922,0.3645042563444585
2023,64419,50000,103134.0800781101,0.1965,0.3121417108738432
2023,50979,257915,262408.87992858887,0.29650003,0.15507108350093937
2023,41418,195000,222200.0,0.36049998,0.26972771472819024
2023,19559,0,48078.36000061035,0.0,0.3285618184873113
2023,31986,0,117692.0,0.0,0.2909134575465717
2023,63013,17000,17000.0,0.24633986,0.31435003953202034
2023,84114,76000,76000.0,0.2676875,0.20833094395219873
2023,48924,101082,103318.67999267578,0.24150002,0.36067928910450714
2023,57867,80100,148884.796875,0.35900003,-0.021169842951710125
2023,45336,25780,72031.0,0.2946406,0.45823037759131896
2023,57042,63000,63002.04000002146,0.23150003,0.19736737340978078
2023,31977,229000,229006.8000001907,0.36900002,0.02140996985808681
2023,12242,220000,221499.4000244141,0.32718748,0.5753523364506977
2023,17331,72000,74380.68005371094,0.22799999,-0.031143469467799702
2023,60641,1000,36558.2001953125,0.0,0.3042767849565823
2023,51804,0,0.0,0.2745,0.23963295356670725
2023,77024,52000,120000.0,0.3165,0.2191037727589121
2023,49658,105000,109292.0,0.24150002,0.003843127648638198
2023,44939,125000,125000.0,0.1965,0.23145523703463633
2023,50258,44240,47815.480002462864,0.33631247,-0.02857425744576558
2023,47951,0,0.0,0.0,0.2389447030821934
2023,20408,0,218200.0799999237,0.0,0.3235743092422747
2023,10656,0,12000.0,0.120000005,0.4988887677279415
2023,74389,165400,166992.0,0.3215,0.3888450632218015
2023,44746,220000,226783.0,0.29650003,0.5403707972723252
2023,43425,99960,99960.68000000717,0.28395313,0.20655439307560824
2023,73890,117000,225508.0,0.3215,0.3753758936011454
2023,15212,0,15214.0,0.0765,0.24284466784629155
2023,4241,115000,117861.8800048828,0.34649998,0.37537620407858013
2023,51285,7000,7000.0,0.0765,0.458818299187297
2023,5397,211001,212973.67999267575,0.334,0.37677227468825814
2023,35582,20000,43994.0,0.0765,0.3908891529254439
2023,53622,32002,55642.0,0.23629689,0.02385004408733006
2023,60842,18001,18409.0,0.64129496,0.2462848003561313
2023,56107,120000,257529.5998535156,0.3635,0.3546182808049203
2023,3121,0,42516.99987792969,0.0,0.018974230512331682
2023,7134,0,0.0,0.0,0.36317936248400334
2023,83512,0,0.0,0.011474967,0.2240795539049861
2023,32218,87800,120235.36010742188,0.34399998,0.057944045841015576
2023,22513,0,55282.72000002861,0.0,0.002046853484658064
2023,78957,91000,121006.80000019072,0.27350003,0.32036645224590876
2023,85340,189600,191342.68005371097,0.4095,0.18331838925869262
2023,60373,34000,57604.0,0.2985,0.09365453637557378
2023,72837,80000,115932.91999816896,0.3455,0.41441255432728386
2023,7403,27832,41401.91998291016,0.31917185,-0.01179829664473584
2023,60149,0,33937.360107421875,0.0,0.5117237558642782
2023,43101,0,30263.0,0.13349998,0.28212261164910896
2023,77424,250000,330812.0,0.29650003,0.31955636004776955
2023,2524,312500,324835.8800473213,0.39249998,-0.017882592731499208
2023,53159,45000,96042.720703125,0.24049997,0.41275554631202044
2023,52229,27000,45204.0,0.21967578,-0.018259165792928418
2023,83929,0,89068.03999996185,0.2565,0.4289114661700609
2023,46307,0,69939.91998291016,0.0,-0.029460298118615592
2023,43834,63000,63000.0,0.254,0.332210004661295
2023,80026,170000,172976.0,0.3765,0.05359860223313315
2023,13062,88000,92063.48000001907,0.3271953,0.391972953623441
2023,27925,60000,88823.12000083923,0.29650003,0.3132464072001675
2023,18929,56003,56003.0,0.26016408,0.08116135643872421
2023,71768,78000,78023.80000019073,0.24550003,0.34995535840795094
2023,71267,34000,34000.0,0.48275,0.26781084862869464
2023,58497,15000,15000.0,0.46616507,-0.019813018460817518
2023,52939,5000,18859.0,0.11650002,0.36685031941300406
2023,24363,115000,115629.91999977829,0.25349998,-0.017978846048254685
2023,19637,99548,154812.6015625,0.34649998,0.4266907600994618
2023,84183,54006,54006.0,0.20867968,0.33649260985076623
2023,13381,0,59520.0,0.0,-0.00836253089602371
2023,18411,0,81825.84000015259,0.29650003,-0.011873632779023905
2023,78760,86442,86453.55999994278,0.3179297,0.5381979858070561
2023,39837,0,125697.0,0.0,0.3751129018177269
2023,52612,0,44758.0,0.0,0.4166245246542119
2023,61468,0,11000.0,0.49610156,0.06237631670711459
2023,71964,130000,145408.0,0.3455,0.3523469688652732
2023,43661,103000,103818.03999269009,0.254,0.41955392495247645
2023,81712,13200,13200.0,0.09210646,0.025811631513778674
2023,8131,95000,95000.68000000717,0.07849997,0.20851576610993872
2023,73451,165000,165000.0,0.2795,0.23439416343713276
2023,73590,110000,110204.0,0.22149998,0.37817275822566776
2023,57740,0,0.0,-0.0038249493,0.3288082428555327
2023,14138,98000,98221.0,0.26121092,0.3575954651996579
2023,59376,0,0.0,0.0765,0.2658658665945225
2023,83039,133000,140833.60009765625,0.3765,0.5223267782648692
2023,43671,219800,229792.5597359538,0.35399997,-0.001488133901545002
2023,15420,50000,50002.03999996185,0.22399998,0.16546833175706224
2023,9642,0,17892.60000038147,0.0,0.3978903103971542
2023,63099,100,207090.39990234375,0.0,0.3410139226456825
2023,20157,90000,90051.0,0.24599999,0.1914772868678099
2023,57921,60000,60000.0,0.23150003,0.5263102606637816
2023,43553,2700,2876.800003051758,0.5135,0.21074648080977323
2023,35419,48000,48000.0,0.254,0.3354988673285776
2023,62503,42000,42029.920000076294,0.29652345,0.6041356666462026
2023,17649,66000,111132.0,0.22799999,0.3825318117226551
2023,43679,53276,53568.39999389648,0.254,0.3198534705392091
2023,32936,81600,82662.72000002861,0.24400002,0.37557907329987616
2023,70847,120000,120516.80000019072,0.3405,0.48375583034018693
2023,80027,140000,140000.0,0.4095,0.3219622632198034
2023,41440,0,3.4000000953674316,0.0,0.4992479231984397
2023,47558,47000,59085.79999995232,0.17650002,0.3514764718853389
2023,60968,285250,285250.0,0.3165,0.5304946181253514
2023,17593,69000,69000.0,0.22799999,0.34824503162075265
2023,446,97000,97131.2399994731,0.36400783,0.23686717533724505
2023,77916,55000,55171.35999715328,0.39749998,0.37833795699630196
2023,4051,120000,120666.44000184536,0.34649998,0.3830532868901868
2023,81947,121600,121634.68000000717,0.38950002,0.039650420403633806
2023,9993,103700,104652.67999267578,0.2515,0.21555462778811785
2023,9360,120896,121650.79998779295,0.3914922,0.29982584962519576
2023,12853,0,50386.87999725342,0.0,0.3069478293306325
2023,62780,165000,165046.2399983406,0.29650003,0.3387053440138809
2023,61354,110000,111360.68005371094,0.1965,0.3612079096581166
2023,82894,109000,109000.68000000717,0.2565,0.25352481195216486
2023,80154,52000,52260.440002441406,0.2565,-0.015567487995514849
2023,14645,0,37648.60009765625,0.0,-0.11230306617714478
2023,64792,0,0.0,0.0,0.33417495612953135
2023,48160,29000,29000.0,0.6283047,0.3317658605723969
2023,17753,0,19847.0,0.31769532,0.021240052425525624
2023,26245,245001,245014.60000038147,0.366,0.19292540240791525
2023,10362,0,12480.0,0.1965,-0.017322739881516357
2023,56123,47000,47102.0,0.2435,0.36898997638183345
2023,14006,90000,90000.68000000715,0.22719532,0.007682488021915234
2023,6756,58001,58918.44000005722,0.27023435,0.4160715391426964
2023,16183,51000,74779.0,0.22399998,0.3622407005440925
2023,27633,25000,25000.0,0.3176992,0.22577513998573726
2023,13568,0,10000.0,0.28399998,-0.014004526004924243
2023,12978,186000,186327.08000183103,0.32720315,0.2651823553868706
2023,48317,105000,105001.3600000143,0.1965,0.38200925854318524
2023,61570,26208,334258.52017211914,0.3545,-0.0005225398491037033
2023,56944,0,0.0,0.2745,0.4074331922121141
2023,10120,94800,94800.0,0.2515,0.27844163765349966
2023,77518,90000,90000.0,0.1965,0.32988256071520045
2023,13378,45000,45000.0,0.2271992,0.36017741402525316
2023,35276,130000,130000.0,0.35399997,0.24144519894794172
2023,20627,0,28008.0,0.0,0.43805795227634464
2023,40252,93000,94292.0,0.39217967,0.02746942129967976
2023,35075,185000,208337.39999389648,0.35399997,0.020635408724700748
2023,39383,70000,99125.7200050354,0.24467969,0.3958377642650367
2023,82681,24000,62912.7200012207,0.0,0.37913694967486045
2023,78254,35000,35002.03999996185,0.17650002,0.34702507553682116
2023,36887,85000,88400.0,0.3476953,0.2597206716258189
2023,11064,475000,502120.8799969554,0.5204687,0.23874334634395267
2023,38673,0,52328.0,0.0,0.3746041788393717
2023,11536,311530,348809.35986328125,0.31946874,0.3432464031368101
2023,57923,0,18000.0,0.0765,0.14463973381491194
2023,4132,168000,170227.0,0.34649998,0.2613789408947119
2023,8382,0,64645.0,0.0,0.3260444624151654
2023,9432,27000,48634.0,0.3535,0.2988096971509256
2023,86806,288000,310223.2000732422,0.38950002,0.2213495807212965
2023,62020,257000,294563.08001708984,0.3165,-0.030354715319693304
2023,14501,141000,154600.0,0.332125,0.4044527952025224
2023,80596,0,46496.40002441406,-0.06502342,0.3662915468450756
2023,23608,65800,73018.80000019073,0.43788284,0.3621029749223061
2023,53123,1054,27441.0,0.0057382584,-0.014892982942526303
2023,43269,8000,10132.47998046875,0.1412949,0.3461938101748293
2023,49653,0,63900.0,0.0,0.35306866407787496
2023,85436,3000,27121.400000095367,0.08086717,0.24839512921363222
2023,60298,40000,40382.27999973297,0.1965,0.3295709367081994
2023,19073,0,0.0,-0.0153000355,0.6106514251133979
2023,50084,68500,68506.80000019073,0.1965,0.3628235854896072
2023,11106,132000,132000.0,0.28575784,-0.051239050593946095
2023,87764,55000,55000.68000000715,0.20673436,0.35846537398583583
2023,14871,91300,91351.0,0.22653908,0.3637139204167966
2023,62073,70000,70027.20000076294,0.29650003,0.2324069014386897
2023,80627,75000,75000.0,0.2676875,0.05594448868032774
2023,10067,0,61834.72000002861,0.0,0.4236078157777153
2023,46731,0,35452.96000671387,0.0,0.3726241843048787
2023,32843,0,164736.19999933243,0.0,0.1686213386760245
2023,18111,80000,82046.11999511719,0.34600002,0.22988809436912444
2023,85827,100000,100698.35998535156,0.3925156,0.31030123222147754
2023,71268,100000,121976.0,0.3455,0.33029791148972754
2023,39614,0,39984.0,0.0,0.2113134208993752
2023,24964,72000,73971.31994628906,0.3535,0.3285388739646913
2023,44036,17000,17000.680000007153,0.2864961,-0.03593577290900712
2023,17870,75004,82017.60000038147,0.328,0.3542726686359523
2023,11509,0,61190.0,0.0,0.40338392545089946
2023,20663,42000,42000.68000000715,0.23699999,0.39694151394507127
2023,70509,0,11579.0,0.18650001,0.43950151910793944
2023,48959,60000,60000.0,0.24150002,0.46974337245898795
2023,436,60000,60047.59999847412,0.2912578,0.22143678114284385
2023,77708,320000,345616.0,0.3255,0.40403717922958476
2023,59325,13000,13000.0,0.2093252,0.35593979308690255
2023,13135,95908,97081.0,0.32720315,0.2545679792672413
2023,22404,215000,226841.04000854492,0.3495,0.35735048022588917
2023,574,24700,24751.0,0.9918789,0.2594836781148184
2023,12880,119000,119017.68000030518,0.22720313,0.5113809880838535
2023,32673,66000,66000.0,0.24400002,0.3437809757845808
2023,30533,0,126469.40002441406,0.0,0.33433968474177406
2023,27949,50000,50182.24000549317,0.1965,0.5027535778582686
2023,83129,139000,149206.11972665787,0.2565,0.23646950346164317
2023,7252,364000,376615.7604293823,0.44274998,0.3521022915412626
2023,84250,56000,56161.16000366211,0.2565,1.0788148424444717
2023,60607,56900,57580.0,0.1965,0.348941881959723
2023,84705,277000,278699.3999938965,0.4095,0.26517475826463627
2023,84853,184360,184366.8000002503,0.40928125,0.5219525880928932
2023,12209,49000,49000.0,0.20719922,0.35894993677713843
2023,73969,93600,94961.36005371808,0.22149998,0.38277856969087826
2023,19770,8000,8000.680000007153,0.12599999,0.27048178591091926
2023,49190,105750,112346.0,0.24150002,0.300329576696578
2023,12871,134000,302182.71923828125,0.36549997,0.32731629042380095
2023,84530,0,341778.0,0.0,0.3973080392830377
2023,14880,1165439,1166867.6800050735,0.431,0.351083529639461
2023,68846,0,19800.0,0.0,0.5602450323224462
2023,38823,45000,45000.0,0.2250508,0.30604255955542176
2023,47830,0,111660.7197265625,0.0,0.22550696920426966
2023,14005,0,18600.0,0.0765,0.3515152038910601
2023,84781,0,0.0,0.23497659,-0.053097393107745174
2023,10001,95000,96513.35998535156,0.35650003,0.35854359632458865
2023,48153,345000,345000.0,0.26349998,0.32752166295715973
2023,42848,0,0.0,0.43560058,0.3502598241579074
2023,78264,222000,226003.35993164775,0.29650003,0.042774370051777616
2023,41784,220000,221368.84004879,0.36049998,0.3514042547679338
2023,38979,75600,75600.0,0.245,0.37026057545065344
2023,15729,64002,64064.560000777245,0.22399998,0.18001097851658202
2023,44866,23000,23000.0,0.53739846,0.32403961271229326
2023,47972,277000,277000.0,0.3255,0.09169839947656645
2023,29505,54000,59000.68000000715,0.23160154,0.3334941898516446
2023,59108,30000,40176.80000305176,0.24400002,0.39228644864236106
2023,43368,8000,8000.0,0.0,0.4049860263830529
2023,6439,50000,50000.0,0.24150002,0.06477060726687091
2023,12563,0,58707.48000001907,0.0,0.3236716567998887
2023,64847,36000,36000.0,0.1965,0.3803467888501375
2023,42331,0,55707.20000076294,0.0,0.38163653057156544
2023,12137,144500,178826.8399963379,0.32718748,0.37361727898463926
2023,78431,53940,53942.04000002146,0.2745,0.30663928802614304
2023,55050,0,49473.51999998093,0.0,0.003617161176949135
2023,85159,195200,196562.71997070312,0.38950002,0.24663110775174363
2023,56282,0,31078.480001449585,0.04987502,0.0011745148441185515
2023,64985,365000,365204.0,0.3255,0.21142022962995005
2023,65136,0,0.0,0.0765,0.02562494255688693
2023,48718,40000,150105.0,0.34149998,0.31980946876143734
2023,41399,99999,100099.63999700546,0.2605,-0.034161107799665635
2023,23593,100002,100061.0,0.26450002,0.3495073702887997
2023,1832,67000,67006.80000019073,0.21239841,0.3593609503474709
2023,12119,0,84017.68000030518,0.0,0.3642903514482244
2023,77400,52000,55884.0,0.1965,-0.058715646412157665
2023,11904,105600,109252.0,0.35285938,0.5071471857859308
2023,17323,34099,34392.079986572266,0.22799999,0.3784419000434649
2023,48387,20000,27212.0,0.17650002,0.35480782979549197
2023,18135,0,101194.04000091551,0.0,-0.01871216341391384
2023,12744,1000,1000.0,0.6445,0.4052788194152237
2023,13083,81000,81795.5999879837,0.22720313,0.37839188922234224
2023,8964,174000,174000.0,0.3879766,0.5349823885936
2023,19137,100000,101208.8400001526,0.24650002,0.4918754877844593
2023,61087,5600,32660.680000007153,0.0,0.4180187181492103
2023,78380,0,31085.0,0.0,0.35591479013456645
2023,8144,74800,79840.0,0.28741407,0.4072759072552778
2023,19775,110000,110114.92000293732,0.2765156,0.10078927234334742
2023,206,5000,5017.680000305176,0.0,0.26263441399841775
2023,15078,0,0.0,0.0,0.2568876553552399
2023,19844,0,48147.0,0.0,0.33074407380577936
2023,29807,33800,33800.0,0.26950002,0.26365130175875007
2023,46787,44000,73088.0,0.1965,0.41096063887412054
2023,28651,270000,270000.0,0.3255,0.2025315280982112
2023,45964,0,0.0,0.0,0.45452007107312614
2023,62246,20550,20551.360000014305,0.0765,0.29551917505199965
2023,36213,236000,236106.120000124,0.374,0.23976484439767512
2023,16576,123000,123000.68000000717,0.47778904,0.5565635583022477
2023,39274,92000,92816.0,0.34467185,0.36695737953802693
2023,83317,75000,78413.60009765625,0.3765,0.3483523490064966
2023,11253,378200,461023.7202143669,0.45846874,0.2872154038980714
2023,65293,40000,40000.0,0.17650002,-0.03450253645537229
2023,63596,110500,110670.67999267578,0.34558594,-0.04258456098387887
2023,6450,365045,367500.0800538063,0.3855,0.12128320970730255
2023,78792,3187,3225.0800018310547,0.07649976,0.25610165148227176
2023,42656,336000,338040.68005371094,0.38300002,0.3956826227145788
2023,29330,128000,135116.19995117188,0.3628984,0.2948139269950053
2023,15929,71000,71102.0,0.23293751,0.24427201427096934
2023,52235,0,0.0,0.0765,0.03045855972858961
2023,42518,53000,59800.68017578125,0.35399997,0.016741813720750964
2023,24491,0,66018.80004882812,0.0,0.37566497617958183
2023,73102,60000,163600.15997314453,0.22149998,0.24214558871202485
2023,77084,13753,29488.04001235962,0.0765,0.23365334232537172
2023,59144,0,28360.0,-0.04972267,0.21619937710933138
2023,20599,1,44763.11999511719,0.0,0.24493303782695977
2023,19386,203000,207052.32006835935,0.30449998,0.27037857327132003
2023,60436,52727,66927.919921875,0.20504689,0.279856832629148
2023,65241,153500,153738.0,0.29650003,0.46656992623938653
2023,39192,0,0.0,0.0765,0.38833730429548025
2023,52398,53000,53000.0,0.24299997,0.2606937903651638
2023,11220,249920,276673.5595703125,0.38146877,0.3818242677040169
2023,45586,52000,52000.0,0.1965,0.32061892143551785
2023,16067,287430,287635.36000061035,0.34014064,0.11265877785673793
2023,21955,7200,59919.0,0.339,0.34555307605029956
2023,8569,60000,60000.0,0.38753515,0.6556181578868135
2023,74037,0,17580.360000014305,0.058140635,0.34738156829529543
2023,39025,79000,79074.79999923706,0.34467185,0.22900687755897442
2023,59813,183000,187172.31997680664,0.34399998,0.2280213641852867
2023,43427,58000,81280.0,0.46460158,0.24369181401651832
2023,36630,0,1443.4000000953674,0.35750002,0.2793038864421809
2023,86620,5000,105072.80000305176,0.42567968,0.36185414699708784
2023,45329,157000,157110.80000305176,0.31701565,1.174437627901329
2023,86366,0,47952.0,-0.06502342,-0.013262528690263188
2023,50406,120000,122574.68000000717,0.1965,0.23210455924267206
2023,29858,35002,35090.40000152588,0.24900001,0.23962372282999797
2023,23188,65002,100976.35998535156,0.25998437,-0.01578633277973606
2023,62925,56000,56068.0,0.1965,-0.0378797765549638
2023,45335,35000,35000.0,0.17650002,0.3806718361821153
2023,7334,320000,321268.20001220703,0.3855,0.3876281062400895
2023,73901,85000,85001.3600000143,0.22149998,0.3692741223761113
2023,33309,112000,117114.9599609375,0.4015,0.49850764975769907
2023,79970,45000,45000.0,0.70709765,0.3994804487717305
2023,76218,70000,70000.0,0.1965,0.07697202021138094
2023,11585,55000,55240.19999790192,0.47399998,0.28653626161414203
2023,21653,287000,288831.91998291016,0.366,0.34330203970898304
2023,11223,300000,303731.0,0.38020313,0.32261146848099154
2023,82989,47000,75187.0,0.35650003,0.03633884056304921
2023,46723,100000,100068.0,0.1965,0.3290865918503549
2023,40294,377000,383321.0,0.42168748,0.34759125139505304
2023,17537,0,12419.0,0.12650001,0.21094367251884721
2023,73419,134000,144612.759765625,0.3215,0.33033565738993903
2023,56525,0,20160.0,0.3176992,0.27746128369717676
2023,26368,0,0.0,0.4521016,0.28867855613560317
2023,80574,0,124865.0,0.0,0.36854097341973846
2023,20773,0,17579.0,0.0765,0.34630066346308674
2023,40308,15000,49623.40000009537,0.077499986,0.5596743561120212
2023,48246,85000,85005.44000005722,0.1965,0.07842639805221341
2023,46720,244000,245668.03994750977,0.3165,0.3449679149939541
2023,32261,34000,37402.0400390625,0.24400002,0.38457808142774363
2023,46192,80000,330667.63623070717,0.35503125,0.3599727305881187
2023,10240,92622,92793.3600000143,0.255625,0.34956886950685934
2023,73014,0,0.0,0.3916992,0.36174155307507044
2023,8151,175000,184024.9596862793,0.3726406,0.14775014434668599
2023,45823,204280,234219.5599708557,0.29650003,0.041930005295380116
2024,35583,0,12000.0,0.0765,0.32053727026177736
2024,6715,102000,105437.47997951508,0.35149997,0.4912353983687784
2024,35129,55000,83512.32006835938,0.35399997,0.04153580922400999
2024,59955,0,65472.0,0.0,0.23836329055624134
2024,42087,55000,55006.800000190735,0.4610039,-0.01626606422804568
2024,7743,75000,77040.0,0.2515,0.23432188066467166
2024,47329,0,17810.240005493164,0.3440742,0.4171901332973791
2024,13131,56002,56107.40000152588,0.43780077,-0.0215997692419954
2024,10275,126500,128642.0,0.35149997,0.3767130640636414
2024,78225,0,19860.0,0.23760158,0.5627262747462792
2024,59892,0,0.0,0.0765,0.35326140014049817
2024,86059,368000,389200.0,0.42546874,0.3922440176998678
2024,6037,0,44933.60000991821,0.0,0.469963784523225
2024,42203,240000,243443.60009765625,0.37040627,0.32381088794496227
2024,13250,92000,92000.0,0.22719532,0.33208069623179387
2024,12615,118586,289299.4403915405,0.36549997,0.3653847601416461
2024,64201,45000,45340.0,0.49709374,0.08902292826009804
2024,17985,30000,40119.88000488281,0.24599999,0.05206111744952475
2024,16436,0,14096.0,0.05355078,0.36898332766289127
2024,46551,57039,80811.0,0.5282969,0.2485620142049002
2024,28364,3000,28012.0,0.0,0.03476486654145423
2024,42610,104000,149209.6015625,0.35040623,0.2940996159812208
2024,58757,0,50124.0,0.0,0.053512540563097
2024,8492,18000,122572.080078125,0.39451563,0.36076494621083116
2024,65521,22000,22000.0,0.268,0.22741853634522613
2024,82569,380000,404028.0,0.35650003,-0.04512205251661298
2024,22996,179999,185509.67999267575,0.375,0.30581141854892313
2024,41703,156000,161218.27999401093,0.37849998,0.00120212366653455
2024,21443,49920,50736.0,0.25819921,0.5433445878497387
2024,38478,5000,692997.1996097565,0.0,0.4987201759937887
2024,59578,4000,4002.7200000286102,0.0,0.1259648257745491
2024,22356,1223,28534.360000014305,0.20952344,0.3223291621014181
2024,14640,53000,53008.84000015259,0.22606248,0.3448479845298193
2024,48123,0,24816.680000007153,0.0,0.4252246016816588
2024,3624,261000,337871.2001953125,0.4045,0.23020411256373507
2024,24015,440000,442692.79998779297,0.59603125,-0.10591468550743388
2024,36135,183500,187949.23994386196,0.254,0.263090281369305
2024,45804,105000,672027.7998046875,0.42650002,0.23688612665304343
2024,35154,74000,74098.60000038147,0.254,0.3296573040178976
2024,24831,0,0.0,0.22972268,0.36110895946080435
2024,22207,145000,145098.5999981761,0.3558594,0.37111494999172256
2024,9239,109000,109464.83999633788,0.3879766,-0.058842265482651396
2024,82110,67010,67010.0,0.26157814,0.23591697086481322
2024,38706,11700,62996.0,0.077499986,0.03603921551644751
2024,73258,0,60372.0,0.0,0.2682088708075172
2024,37026,155000,155040.8000011444,0.24768752,0.43030416394710036
2024,75669,6100,67919.28031301498,0.0,0.38992682654453426
2024,61157,100000,100191.76000213625,0.1965,-0.005076134651074818
2024,77209,245002,245682.0,0.1965,0.11927866113939747
2024,28158,24000,24000.0,0.17650002,-0.015099629667895515
2024,51029,0,10872.680000007153,0.4960996,0.3486647241828247
2024,7438,77400,77404.0799999237,0.35149997,0.4816080471806887
2024,3381,15000,59949.359375,0.0,0.27569456680028426
2024,64321,157299,157306.48000001907,0.3165,0.5528604886576036
2024,70850,208250,208519.07999390364,0.339,0.261690069412903
2024,55019,47500,66040.0,0.2452969,-0.010296924153061686
2024,60145,75000,78407.48004883528,0.23050779,0.23430985965697673
2024,60431,90000,90002.03999996185,0.1965,0.23568606056329855
2024,43100,75000,75000.68000000715,0.25039846,0.45336128591648256
2024,85668,420000,448345.3600463867,0.40649998,0.3359753674754956
2024,47556,0,52800.0,0.0,0.3537443509184125
2024,63631,40000,40000.0,0.1965,0.3983849994621382
2024,25931,74000,75360.0,0.34291798,0.4782624949699781
2024,44358,0,56482.36047363281,0.0,-0.008150588304196028
2024,48786,0,0.0,0.0765,0.27653036331288766
2024,83689,105000,105001.3600000143,0.2565,0.23629813093325028
2024,8909,303900,345064.4803161621,0.3855,0.1955469018793427
2024,20790,111000,111372.63999938963,0.23900002,0.3212978217230671
2024,11171,2843,111349.4400024414,0.1965,0.19973021723314266
2024,32171,72000,72000.68000000715,0.24400002,0.27722975962061647
2024,20671,585626,792872.2798585892,0.46600002,0.34696043897574097
2024,59887,0,1400.0,0.0765,0.11840896442309301
2024,52107,150000,152040.0,0.33367187,0.25467319960289314
2024,12744,0,0.0,0.0765,0.24102250203856745
2024,21336,81000,81006.80000019073,0.339,0.396235162894608
2024,16678,38000,38000.0,0.227,0.29122159677080506
2024,49022,1500,158250.0,0.03365624,0.2523903792115032
2024,18068,103000,104374.59997558594,0.34600002,0.3657716093431764
2024,12956,145000,145142.80000305176,0.3271953,-0.03696465614449604
2024,24311,0,38644.080001831055,0.0,0.02859385108017323
2024,43785,34371,95044.8800048828,0.2985,0.44496242306196365
2024,9601,78000,85093.07980442047,0.2515,-0.010382197847520033
2024,80983,191389,197217.92002105713,0.38950002,0.2963351578243795
2024,14036,50000,50000.0,0.2271992,0.0567673214451099
2024,64622,21000,21001.360000014305,0.16409767,0.3510466358724646
2024,40313,12000,12000.0,0.14129591,0.006205514657508402
2024,62888,0,40256.68000000715,0.0,0.21119177783498022
2024,42020,0,23408.0,0.0,0.3252538702593824
2024,41480,40000,64328.19997787475,0.32849997,0.3734380652706313
2024,42593,16000,31877.360000014305,0.23039842,0.32509788384828053
2024,79346,28250,28250.0,0.7334824,0.0017891559304848118
2024,5552,182000,183414.40000009537,0.34399998,-0.011941436169127918
2024,84657,0,78120.0,0.0,0.37464634775547623
2024,64409,34800,41696.0,0.1965,0.4018415230682699
2024,17016,173000,174944.80001831055,0.32700002,0.15243850909686496
2024,80963,293000,294963.40002441406,0.4185,0.2337496052874204
2024,82047,179000,179076.16000247002,0.38950002,0.23975314187645477
2024,3624,261000,337871.2001953125,0.4045,0.2220309223642314
2024,13109,23761,23772.560000419617,0.20720118,0.3353926479940994
2024,51038,37000,104096.1599998474,0.2985,0.31902624945151803
2024,16199,13052,40348.0,0.153,0.4154247068330649
2024,39094,76000,150801.359375,0.3621719,-0.023054133104440638
2024,80692,50000,102704.96000385284,0.2565,0.7868690585441759
2024,40427,0,75692.0,0.0,0.03389094647012377
2024,25403,383300,397300.68005371094,0.3735,0.010335872580592521
2024,46359,0,51401.0,0.0,0.45141990294334616
2024,41899,50000,50000.0,0.25040233,0.3471552900495713
2024,23340,62000,63836.0,0.26450002,0.21538364767600363
2024,81267,74000,74000.68000000715,0.23650002,0.2970632704802739
2024,48680,32000,32000.0,0.23650002,0.40390112781439025
2024,6377,50000,50000.0,0.273,0.016359141408851443
2024,81479,176720,176720.68000000715,0.24079686,-0.10849117641173843
2024,47050,28600,92079.00023508072,0.2865469,0.5782922120645507
2024,65391,76000,76038.08000153303,0.25281638,0.2019252585587515
2024,64078,0,0.0,0.0765,0.3076438147492097
2024,62083,0,10184.0,0.4365,0.24973054480816975
2024,50188,160000,160340.0,0.1965,0.34935203209275295
2024,16437,86000,99775.67999267578,0.22812498,0.3606441369872378
2024,15743,486,486.0,0.0765,0.012025230793417831
2024,3479,1099999,1152499.0,0.4835,0.25209711586576733
2024,20022,0,0.0,0.0,-0.019761861386132798
2024,38525,48020,48020.0,0.24150002,0.3785367108357485
2024,20896,110000,110000.68000000717,0.339,0.4070506267169906
2024,16345,0,6364.35986328125,0.3176992,0.11013549972336298
2024,47588,130000,149036.0,0.1965,0.4153296890310057
2024,40825,169000,170586.35998535156,0.3585,0.3337195875852226
2024,32152,0,81.5999984741211,0.0,0.22175989475232455
2024,49869,151000,152028.1599998474,0.29650003,0.5509959543816946
2024,78082,281000,286548.7999267578,0.3255,0.0013931228072173651
2024,38966,22200,22200.0,0.514,0.3914016596239136
2024,81572,347000,406324.921875,0.4475,-0.042311615742870484
2024,14498,132000,134448.0,0.324,0.26091455831000165
2024,70941,0,68547.35913085938,0.0,0.24254981779431434
2024,42701,196500,200556.39999389648,0.3503906,-0.010672026748685502
2024,23264,62000,62006.800000190735,0.26536328,0.22119740587728487
2024,31667,100000,104080.0,0.24566406,0.3251286032305164
2024,63004,312000,323581.3603515625,0.3255,0.3870792846262085
2024,57011,0,0.0,-0.0038249493,0.3483329286757123
2024,62849,0,26400.0,0.0,0.31425095700247585
2024,70384,0,1.3600000143051147,0.0765,0.32762304500352435
2024,12884,96000,142216.0,0.22719532,0.06810538108723532
2024,76523,120000,160834.6796875,0.3165,0.2882255533910239
2024,13611,219000,264105.6005859375,0.32720315,0.23618993137246505
2024,22049,20000,158251.5625,0.36949998,0.2089214414308364
2024,13597,60000,89820.0,0.22720313,0.43735640575487655
2024,79677,260000,263515.6000518799,0.30796874,0.34804126286812465
2024,62311,43000,43000.0,0.17650002,-0.06742216607353929
2024,30070,192000,195486.35988283157,0.35671878,0.37033010020366236
2024,77277,180000,341854.0,0.3545,-0.005773363255216949
2024,6649,0,85.0,0.18650001,0.36390513861633766
2024,12140,213000,213909.60000133511,0.36984372,0.3927238818696358
2024,7360,106500,106568.68000000717,0.2515,0.274664140997483
2024,60649,0,98256.6796875,0.3165,-0.006722217263870763
2024,25632,59100,59781.35998535156,0.24305862,0.49721183749950637
2024,65212,80000,122941.640625,0.1965,0.31083401034003555
2024,35028,0,18003.400000095367,0.0,0.36798048087752283
2024,17163,0,15374.320068359377,-0.08414841,0.34684821179382586
2024,37571,189000,197160.68000000715,0.34768748,0.3458968523182521
2024,8464,110000,110136.0,0.28740627,0.3514520985151986
2024,55019,47500,66040.0,0.2452969,0.44660972682729816
2024,79965,220000,257400.0,0.4095,0.06215844839748262
2024,26024,0,41717.360000014305,0.0,0.3328285059649924
2024,44351,0,40420.52960205078,0.0,0.3456811477406022
2024,44110,142000,142328.4400024414,0.29650003,0.23291439598044494
2024,25330,254600,254601.3600000143,0.3735,0.32867883492907307
2024,80292,54000,59839.79999923706,0.23650002,0.002660755692297421
2024,13258,500000,534204.3984375,0.4361875,0.17012559197582505
2024,57216,39500,40044.0,0.23150003,0.413099848079588
2024,23180,0,15458.0,0.0,-0.10376246733201769
2024,20607,140000,160647.20001220703,0.339,0.4027876946630823
2024,19087,102951,158939.2800488472,0.24599999,0.2776521450712298
2024,22698,595600,685986.240351662,0.51199996,-0.05183475581020374
2024,9517,92000,92000.0,0.2515,0.33543279202817927
2024,13679,0,12000.0,0.4310996,0.06721397691959374
2024,35504,0,66288.0,0.0,-0.03518969971657834
2024,16392,0,99878.9200000763,0.0,-0.019445417189771885
2024,22667,0,19050.60000038147,0.69,0.31623558574354227
2024,20858,50000,50000.0,0.53198045,0.42921301680763646
2024,7692,0,0.0,0.34621876,0.25739198700840454
2024,8331,132000,132411.40000724792,0.2515,0.3657888687917851
2024,57148,0,36277.35999774933,0.0,0.2520418287807989
2024,79048,97000,97009.51999986172,0.384,0.31577368759975727
2024,21336,81000,81006.80000019073,0.339,0.2208870205227237
2024,41879,10300,10306.800000190737,0.0765,0.24623439121041596
2024,78674,38000,90980.88000297546,0.2800625,0.21344682242067622
2024,55902,235000,251076.0,0.3355,0.4032312164763556
2024,50743,0,106768.7200000286,0.0,0.33799184692623463
2024,44020,0,12896.0,0.1437012,0.36702011577851473
2024,51374,47000,48360.0,0.2366758,0.36177398108527525
2024,78582,0,27.200000762939453,0.0,0.011106582787151
2024,21475,0,44076.679931640625,0.0,0.2506946216037296
2024,4587,975002,975808.3999824524,0.44349998,0.29048324603778053
2024,62826,145000,148468.0,0.29649216,0.31697339869019053
2024,47977,0,2853.159999847412,0.0765,0.10894817817180606
2024,60126,0,107361.3600000143,0.0,0.3736361085099091
2024,77018,250000,250004.0799999237,0.34350002,0.2366011627399896
2024,19201,0,35696.0,0.0765,0.35215330743624096
2024,65246,72000,83628.39999389648,0.2305156,0.33272218300171386
2024,62898,0,15260.0,0.0765,0.023100675480172528
2024,6124,124600,124959.92001342772,0.35149997,0.32937743800585645
2024,3658,265000,317230.0,0.37550002,0.35093194689837043
2024,4555,310000,310027.20000076294,0.37550002,0.31388147826173646
2024,33101,4000,4001.360000014305,0.0,0.34045194650519933
2024,80796,194920,195792.55997562408,0.38998437,0.20239004582653722
2024,9466,0,30720.0,0.0,0.4393811466155767
2024,44337,0,109398.8400001526,0.0,0.01515024878364099
2024,29514,145010,145016.80000007153,0.25229686,-0.03201073381240708
2024,20755,190000,197877.36010742188,0.297,0.3878698364297971
2024,80264,70000,70000.0,0.23650002,0.02445176337239547
2024,78024,120000,208436.28076171875,0.29650003,0.3764114006241821
2024,1385,0,54687.35986328125,0.0,0.00527543668006546
2024,64981,115000,117720.68000000717,0.1965,0.3415821540834282
2024,59286,53000,62296.68000000715,0.24400002,-0.01362297717022374
2024,47186,21000,27009.520000457764,0.1412949,0.35397838473898974
2024,75388,22000,229052.0899658203,0.0,0.3330591238563099
2024,25683,210000,218122.59999847412,0.3445,0.36158253846734423
2024,78175,0,0.0,0.4365,0.002855691216550991
2024,64247,89000,89068.0,0.1965,0.4214567618328726
2024,85905,1,122041.0,0.0,0.06740969326414213
2024,35477,135000,136163.8799969554,0.35399997,0.3979396387496247
2024,11816,0,44400.0,-0.2527969,0.00769504422230148
2024,39788,57000,57000.0,1.1511719,-0.03701982575650963
2024,48709,146000,146002.719999969,0.3521719,0.3218578725535889
2024,73480,156400,156400.0,0.3215,0.09508160092005641
2024,9441,0,0.0,0.087050796,0.23827166313291656
2024,80309,51800,51800.0,0.36415237,0.339400398471371
2024,64389,0,94204.0799999237,0.0,0.2144608349751944
2024,25019,50400,50400.0,0.2430625,0.008689542634041777
2024,25197,51600,104065.599609375,0.2436328,0.22050603517198397
2024,63328,31200,31200.0,0.6444024,0.301339229208387
2024,36309,72000,108299.28035354614,0.3115,0.29889616094134586
2024,84078,167000,167000.0,0.3765,0.4428766199669728
2024,72885,87500,87500.68000000715,0.22149998,0.1514993081468596
2024,58968,8000,47066.47998046875,0.0765,0.191435437073772
2024,46982,114601,180171.71998536587,0.29650003,0.3597288823500722
2024,16803,8050,114755.35968750717,0.227,0.011814937060326075
2024,54170,80000,80000.68000000715,0.2435,0.24040077053756492
2024,12271,116000,127314.71997070312,0.22719532,0.38856729700998427
2024,83305,30000,30000.0,0.22592187,0.2756368882912824
2024,18118,695000,722992.0,0.48549998,0.3174295808147538
2024,76512,116771,116781.2000002861,0.1965,0.1879781713964269
2024,38778,100000,105357.56005859376,0.34217972,0.3027654600746189
2024,64835,14000,14000.0,0.4365,-0.01562046444239197
2024,85360,0,17083.640014648438,-0.06502545,0.23465230343498886
2024,13566,30000,30000.0,0.0765,0.2469415026914461
2024,47308,30000,30000.0,0.49710155,0.21586424005934696
2024,50481,239000,242812.07995194197,0.29650003,0.004669169111926958
2024,8223,59728,59837.48000335693,0.28684378,0.45941230264484123
2024,25796,0,15896.0,0.0765,-0.015287945074798706
2024,85268,102205,102206.3600000143,0.2629531,0.2988334639957256
2024,21159,0,24684.0,0.070078135,0.6544504112178329
2024,43592,96000,98052.23999023438,0.25039846,0.3302079072709381
2024,83837,3000,93079.19844055176,0.0,0.3396031910869131
2024,25308,44000,44476.0,0.43572658,0.3753410220270124
2024,80952,10000,17930.0,0.0,0.3102650191961326
2024,30484,91000,93176.0,0.25239843,0.3998095430378659
2024,38822,0,4239.72000002861,-0.07650006,0.35678604391179275
2024,19416,345000,351100.8798828125,0.37550002,0.2186208897409314
2024,20109,0,52886.44985961914,0.0,0.33493165093156585
2024,83595,37000,37706.800000190735,0.0765,0.3939139993694106
2024,72069,31000,31000.0,0.49815232,0.32960903622424365
2024,64276,0,24020.39999961853,0.27960157,0.39705023916725096
2024,32134,0,30386.800000190735,0.0,0.398002104873651
2024,62895,103880,104700.0799779892,0.1965,0.38300475822892965
2024,48471,20000,20000.0,0.28302735,0.10523183172663042
2024,13874,0,0.0,0.23760056,-0.017579410628147187
2024,75000,22826,23342.60000038147,0.5076797,-0.0008747122624240425
2024,42334,0,84076.0,0.0,0.39576999061851836
2024,17990,0,46436.81984400749,0.0,0.29297816492112
2024,32518,212000,215002.04000002143,0.29668748,0.04531121394992322
2024,18826,148000,148142.8000001907,0.29882032,0.28049455150299457
2024,50743,0,106768.7200000286,0.0,-0.014061669397356692
2024,43694,80000,115701.0,0.35039842,0.3244664687487574
2024,47846,170000,170284.67999267578,0.3165,0.02431386124066824
2024,38551,37000,37126.48000335693,0.4915781,0.015545249055429911
2024,61012,212000,212735.7600097656,0.29650003,0.03724438057222711
2024,47735,255000,263769.0398632884,0.29650003,0.21882155916028648
2024,75943,111040,150616.0,0.1965,-0.006187965888787619
2024,46590,77002,77002.0,0.2528125,0.7189516637956617
2024,41554,75000,75022.44000053406,0.43670315,0.01551680243876695
2024,19072,200400,239242.599609375,0.35132813,0.38594253074537727
2024,48335,60000,60004.75999993086,0.24203515,-0.06398522964188583
2024,82640,0,133487.19995116442,0.0,0.2870049200491054
2024,11034,0,120216.88001954556,0.0,0.015264643632095579
2024,7570,0,0.0,0.09350002,0.3654947359259066
2024,28084,52000,54040.0,0.3765,0.41251953196714314
2024,79558,169000,170020.0,0.38950002,0.09734805243321112
2024,67696,106000,106204.0,0.25344533,0.011479501980710918
2024,79717,128000,129022.03999996184,0.30857813,0.34974583194116443
2024,43519,100000,100000.0,0.19903123,0.39697596378749694
2024,11354,0,22849.63999938965,-0.25280082,0.5044631327091496
2024,86104,63000,63010.88000047207,0.21649998,0.005192192179077779
2024,41363,90000,96527.919921875,0.25849998,0.0067894709298843385
2024,72819,15000,110815.91998291016,0.22149998,0.4934562941875611
2024,31813,122000,141300.80041503906,0.34399998,1.3510516895552842
2024,7522,60000,60000.0,0.315,0.49679758087006576
2024,47278,62000,62000.0,0.1965,0.41310878789400113
2024,14090,0,35414.60000038147,0.0,-0.013562076681895328
2024,47295,7000,111816.67993164062,0.09275001,0.3522079341308921
2024,63157,540000,565507.4799804688,0.43550003,0.4377438801223728
2024,70650,60000,60000.0,0.23900002,0.3009570689233562
2024,39864,0,0.0,0.0,0.37259889562284326
2024,21771,320000,427866.40156269073,0.448,0.0024030194235245862
2024,79266,40000,41783.919998168945,0.27350003,0.4245798403470712
2024,36913,42000,42000.68000000715,0.37170315,0.34063756904182274
2024,80924,189999,191043.67999267575,0.34750003,0.43477069214491243
2024,50874,306000,419560.0,0.3255,0.4070533309394024
2024,16421,35000,35000.0,0.69630075,0.06453128302790159
2024,42016,7500,28194.679931640625,0.018249989,0.299542325380549
2024,59062,155000,156428.0,0.36400002,0.2123847902647944
2024,62626,236480,237840.0,0.39349997,0.26347663113717695
2024,41386,115300,115348.27999925612,0.25849998,0.3905067101917052
2024,35501,3000,3001.360000014305,0.0765,0.3921432204738641
2024,11975,35000,35000.0,0.70271873,0.28241384318674567
2024,20927,0,0.0,0.113900125,0.41129612731499343
2024,81474,0,0.0,0.0,0.18636100402551614
2024,85984,55000,66976.0,0.2565,0.29520362614593804
2024,64372,90000,96000.0,0.1965,0.37374074461821655
2024,25408,90001,127446.16001099348,0.34290624,0.5065571312031381
2024,38555,0,100749.240234375,0.0,0.5033557331505901
2024,11413,0,21176.680000007153,0.10719919,0.3435678183113945
2024,4006,52,10383.0,0.010053694,0.32125712398147666
2024,39811,140010,140010.0,0.34217185,0.35197244641476105
2024,12249,0,10341.359985351562,0.0,0.2684290097629648
2024,80676,25000,34600.0,0.23592186,0.2403624474553982
2024,23878,0,50840.0,0.0,0.38783458665557313
2024,68323,0,46471.7197265625,0.0,0.3909892783708984
2024,69799,0,25108.680000007153,0.0,0.3065925603906568
2024,11400,30000,42791.40000009537,0.21399999,0.27355783434097514
2024,61405,30000,30000.0,0.0765,-0.11414617486048974
2024,84700,1189999,1249785.0,0.56850004,-0.03361126277585693
2024,29319,73000,73406.2799987793,0.35489845,-0.022966298662104957
2024,52507,41600,41789.03999328613,0.2366758,0.35139649132161577
2024,71570,270000,270873.79998779297,0.36549997,0.4233050561040252
2024,22144,143000,163536.0,0.35384375,0.35063285254296106
2024,9844,300000,303907.2799797058,0.3855,0.3623553978773168
2024,17112,0,39515.59999847412,0.0,0.4198562527836088
2024,18093,175000,230919.080078125,0.2845,0.3765411356300898
2024,81356,45000,45000.0,0.1770156,0.37610803468954523
2024,27994,135000,137037.0,0.29650003,0.34615025362199286
2024,22716,44000,44000.0,0.2558633,0.23576339581459738
2024,38279,118000,122028.32006835938,0.24217188,0.01687048730416509
2024,18456,0,56540.67999267578,0.0,0.22343195995136
2024,17787,137500,139480.47999954224,0.32898438,0.009560243654601265
2024,80495,9500,9500.680000007153,0.08592188,0.08066130377481492
2024,82666,0,18027.879999160767,-0.14152503,0.3888112920906212
2024,43100,75000,75000.68000000715,0.25039846,0.24422920465360365
2024,12903,100600,101728.80004882812,0.22720313,0.12870243309753432
2024,63341,146500,146500.0,0.1965,0.2615564741676734
2024,14531,50000,50690.88001728058,0.4117422,-0.013276831223678254
2024,39561,0,31010.7998046875,0.0,0.2619214606133372
2024,12318,138000,139391.9599609375,0.26121873,0.4176130896639685
2024,21712,0,42316.0,0.0,-0.04653474913603209
2024,66278,130000,130034.0,0.29650003,0.43122539992624837
2024,48680,32000,32000.0,0.23650002,0.3130125799737027
2024,12868,0,22496.0,0.0,0.3372313173838937
2024,10850,124200,126045.08000057936,0.25285935,0.3876911264080205
2024,35310,56700,56839.39999389648,0.7443164,0.28361350389607975
2024,70033,10000,46827.20000076294,0.18449998,0.3421631972579965
2024,21664,148000,149876.80004882812,0.339,0.01582329544388778
2024,77212,63000,63771.79998779297,0.2156406,0.44157308839588577
2024,24187,150000,150106.08000183103,0.34723437,0.1991063856809774
2024,14926,103000,183720.6796875,0.35149997,0.45018760714506795
2024,4531,30000,30000.0,0.35022265,0.04489694182738804
2024,40594,104000,104646.87997317314,0.2881328,0.25768028464523896
2024,9720,901301,1012844.8778133392,0.524,-0.009692538998399601
2024,14312,105722,256402.0,0.34750003,-0.023453316975956963
2024,84063,28000,79442.35998535156,0.0,0.5044610110048636
2024,39604,34000,34020.39999961853,0.2425,0.3812136344733759
2024,18960,114000,114000.0,0.24650002,0.050255113469158744
2024,73685,100000,100000.0,0.33574218,0.49167591056783677
2024,72055,170896,174156.60000610352,0.3455,0.3315425436141693
2024,57944,0,0.0,0.31410056,0.253118609456192
2024,76935,0,30002.039999961853,0.0,0.3279455137834039
2024,45496,23000,23000.0,0.20419532,0.2466249788115474
2024,35069,185000,190483.84008789065,0.374,0.2818639351438529
2024,36325,42000,42000.0,0.23400003,0.2385597280145132
2024,49981,89000,90746.7599633932,0.1965,0.3570946735186031
2024,38696,49100,69500.68000000715,0.24217969,0.356089457162085
2024,47277,418000,528718.7599854469,0.4055,0.26670982039211033
2024,30891,35000,54231.280000686646,0.5363047,0.5036733316276755
2024,60631,55000,97506.39990234376,0.2305156,0.5192283092872215
2024,7970,95000,95176.1199951172,0.39297658,0.22476400249295264
2024,21330,148000,167503.6805419922,0.339,0.10260402049621532
2024,70715,124000,124014.96000003816,0.23900002,0.29904729248586653
2024,46018,189999,192362.8399658203,0.29650003,0.04616768314340084
2024,88538,194000,194613.3600000143,0.3721875,0.09609819843426604
2024,52390,0,4742.0,0.39529884,-0.008982302269676489
2024,16175,85064,85064.0,0.324,0.5482663268982891
2024,48535,0,8716.0,0.35498047,0.3262175909450842
2024,67838,220000,230826.51980400085,0.37345314,0.2730198603542139
2024,35712,72000,72015.27999973297,0.384,0.2856818526850311
2024,73243,117084,117084.0,0.3215,0.38316689680363264
2024,21396,50913,52589.48001861572,0.27100003,-0.0013672043550691168
2024,44046,32000,61532.880012214184,0.0,0.28605398526635567
2024,26035,118500,161125.80000305176,0.24304688,0.40171776101801865
2024,17407,290200,302444.080078125,0.356,0.17732206563505348
2024,9528,0,20401.199951171875,0.20952344,0.3801678526512505
2024,36197,190000,192583.4800030589,0.35431248,0.3176236473575942
2024,64475,50000,50000.0,0.23423046,0.3310765829529497
2024,47926,95000,95020.39999961852,0.29650003,0.3610918398743799
2024,39258,110000,118207.19995117188,0.24217188,0.20581106809437336
2024,18315,300000,368069.19921875,0.37550002,0.23771860912927864
2024,79395,93000,93000.0,0.384,0.4352425680228546
2024,73334,70000,70000.0,0.27605468,0.24177746525640578
2024,26260,60000,105400.0,0.1965,0.0011609137039037202
2024,36364,0,227552.6800003052,0.0,0.31750357120313266
2024,45056,11500,124172.00018310548,0.0,0.4151563305676117
2024,45173,138600,181238.6000137329,0.1965,0.3721214943104788
2024,14022,94000,94204.0,0.27252346,0.054081368082636506
2024,50518,196080,200080.0,0.3165,-0.007694455873825014
2024,47534,45000,65100.0,0.1965,0.00547875819159847
2024,77498,152002,189593.60009765625,0.29650003,0.2837345658667252
2024,85675,13200,15832.680053710938,-0.14152539,0.31693630576804316
2024,67158,96000,98512.67993164062,0.3534531,0.07411761025981473
2024,50446,10600,10600.0,0.0,0.006975538144258481
2024,49405,165000,165924.79998779297,0.29650003,0.015197412742913481
2024,43120,121500,122058.2799987793,0.25039846,0.35616520280653957
2024,9563,45000,45000.0,0.2515,-0.011160840363763207
2024,39907,0,7500.0,0.4365,0.3013522770021757
2024,60249,93600,108628.55999946594,0.29650003,-0.0037597540440330417
2024,15644,0,14192.0,0.0765,-0.025662882485276508
2024,78821,24400,100552.47998046876,0.30007815,0.35482421658130253
2024,80054,0,0.0,-0.06502545,0.1589970020378671
2024,31999,385000,400113.0,0.38300002,0.3813761404507517
2024,11468,0,30928.0,-0.17630076,-0.03807967261959437
2024,77146,50000,50714.67999267578,0.1965,0.34602696812332506
2024,73380,71400,79560.0,0.22149998,0.4109302835251726
2024,67342,113000,113023.8000010252,0.2728516,0.008536480056725214
2024,40285,54000,54027.199999809265,0.24217576,-0.001643756526824695
2024,6243,114745,142997.0799999237,0.35596877,0.795159068133787
2024,80783,94000,94008.8400001526,0.2565,0.12352892530550327
2024,16677,0,38052.95919799805,0.14490235,0.2412996262635502
2024,12965,178000,178340.0,0.32718748,-0.05497014891550205
2024,23237,103340,104569.44001710416,0.37,0.42550035934398467
2024,47634,107000,107000.0,0.29650003,0.33894861911881535
2024,74296,200200,282310.0,0.338,0.22596919006214966
2024,83559,124000,226871.59980487823,0.38950002,0.36920888591011447
2024,15813,0,161078.0,0.0,0.3575949925719106
2024,73780,0,38364.36016845703,0.0,0.38739802088014136
2024,9730,0,30416.0,0.070078135,0.04449238860271616
2024,80617,8000,8068.0,0.0659219,0.29481143511435226
2024,41962,60000,60000.0,0.25040233,0.1977550470919414
2024,12873,136000,138904.39999389648,0.32720315,0.5434229748120706
2024,25523,176000,182484.36004638672,0.34453124,0.39766589962882226
2024,71341,155000,155274.7200012207,0.3455,0.24124007930910082
2024,14157,113000,113937.87998771667,0.22720313,0.2960649947732072
2024,8777,53000,53008.84000015259,0.28741014,0.2813116742066432
2024,84401,0,30344.799926757812,0.2949766,0.28862594598088304
2024,9109,0,36460.079999923706,0.0,0.4102553702929733
2024,70045,25000,25261.119995117188,0.21899998,0.34993787191861253
2024,83827,100000,100000.0,0.2565,0.5145670018066257
2024,61696,0,20758.0,0.3176992,0.5063131045517941
2024,49281,65000,94021.35998535156,0.3365,0.11259411367132002
2024,16289,175000,232120.0,0.26950002,0.0844853102199038
2024,7896,45000,45000.0,0.50675786,0.2385300301051939
2024,10218,0,0.0,0.3161006,0.008568133659442603
2024,78177,230000,238432.0,0.29650003,0.011418830478844599
2024,7209,0,20647.760009765625,0.0,0.014244182005805094
2024,68080,3000,13729.67999649048,0.31104296,0.26269272449085035
2024,46445,0,25962.0,0.0,0.016068068996688598
2024,47838,77000,84367.48005390167,0.1965,0.3107287870272671
2024,42508,60000,104536.0,0.25039846,0.3564130039701674
2024,59079,100000,223342.71923828125,0.34399998,0.01772509393971281
2024,23931,15600,15600.0,0.4195996,0.3742566181332368
2024,4110,100500,100703.99999427795,0.48410153,0.03600293038623682
2024,31993,175500,185725.08000153303,0.34399998,0.35959020293893573
2024,9908,136000,136002.03999996185,0.37466407,0.23152352369737367
2024,24424,54000,55142.40002441406,0.25349998,0.350496025961522
2024,35773,61000,85470.0,2.072,0.31573059717467944
2024,47078,75200,106354.39999389648,0.2985,0.35470258510040037
2024,83686,0,61657.080024421215,0.0,0.35947371905354547
2024,31873,10000,10003.400000095367,0.5066328,0.3097172653680897
2024,15485,182000,214363.0,0.32975,0.3631843723840479
2024,75089,285950,285997.5999984741,0.362,0.18294698620637367
2024,35275,0,27712.08000010252,0.0,0.230261455500318
2024,57502,80000,81284.88000011444,0.21149999,0.17229390022723867
2024,60475,60000,62864.07995605469,0.1965,-0.06059698316572392
2024,47337,120000,138384.19982910156,0.1965,0.03690242798234544
2024,32720,99112,99112.68000000717,0.34399998,0.019010366403607436
2024,17523,100000,108748.67999267578,0.32700002,0.09614500253575933
2024,62718,122000,122000.68000000717,0.1965,0.2621364495350416
2024,15840,86001,86009.15999990702,0.0765,0.3273255711494003
2024,52636,0,0.0,0.16109765,0.4353072289710538
2024,77196,146804,151939.36016845703,0.1965,-9.006347726421008e-05
2024,39136,154000,155099.8800048828,0.3621797,0.3225408574978171
2024,70116,114000,114273.79999923706,0.23900002,0.4108740062159012
2024,7398,75000,75000.0,0.35149997,0.3734340319920224
2024,20904,109000,110170.96000003816,0.23900002,0.3459836785903546
2024,14501,0,0.0,0.0,0.0771721445443518
2024,67289,133000,134576.9200439453,0.25344533,0.28270954397264514
2024,66389,106629,171609.04000031203,0.3165,0.30045660301702337
2024,4956,70880,70988.80000305176,0.45021874,0.32321901867261127
2024,46672,194000,218303.04005372524,0.29650003,0.5373761698048463
2024,11401,92000,110184.28000640868,0.35285157,-0.02504050024737289
2024,86287,260000,260008.16000002623,0.4185,0.22997248123375932
2024,82740,0,31792.0,0.2949766,0.31448122137970363
2024,12225,77200,77204.0799999237,0.22720313,0.39252108202209274
2024,4805,4000,19040.67999267578,0.571293,-0.01427947474456992
2024,35557,97000,149108.39990234375,0.35399997,0.41581455618246355
